Date,Close_fund,Close_rfr
2011-05-31,283.0,4.45
2011-06-01,280.1,4.45
2011-06-02,275.6,4.45
2011-06-03,272.7,4.45
2011-06-06,275.6,4.45
2011-06-07,275.6,4.46
2011-06-08,271.3,4.47
2011-06-09,274.7,4.65
2011-06-10,275.8,4.66
2011-06-13,270.9,4.66
2011-06-16,287.0,4.67
2011-06-17,279.5,4.66
2011-06-20,277.2,4.66
2011-06-22,284.5,4.68
2011-06-24,277.8,4.68
2011-06-27,280.0,4.69
2011-06-29,286.4,4.71
2011-07-01,287.0,4.7
2011-07-05,287.7,4.7
2011-07-08,287.0,4.69
2011-07-11,280.6,4.7
2011-07-12,280.9,4.7
2011-07-14,285.1,4.7
2011-07-20,282.0,4.71
2011-07-21,284.1,4.71
2011-07-22,284.2,4.71
2011-07-25,287.8,4.7
2011-07-27,285.6,4.71
2011-07-29,278.8,4.71
2011-08-01,274.3,4.71
2011-08-02,268.2,4.71
2011-08-03,263.3,4.71
2011-08-04,252.8,4.72
2011-08-05,251.0,4.71
2011-08-08,240.0,4.71
2011-08-09,237.6,4.73
2011-08-10,229.0,4.72
2011-08-11,224.2,4.72
2011-08-12,242.0,4.72
2011-08-17,241.0,4.71
2011-08-18,231.0,4.71
2011-08-19,226.8,4.72
2011-08-22,226.2,4.71
2011-08-23,225.1,4.72
2011-08-25,231.5,4.72
2011-08-26,223.3,4.72
2011-08-30,229.5,4.72
2011-08-31,236.6,4.72
2011-09-01,231.1,4.72
2011-09-02,225.5,4.72
2011-09-05,215.2,4.72
2011-09-06,215.6,4.72
2011-09-08,222.0,4.73
2011-09-09,217.6,4.74
2011-09-12,215.0,4.74
2011-09-13,219.1,4.74
2011-09-14,217.1,4.75
2011-09-15,234.3,4.75
2011-09-16,235.1,4.76
2011-09-19,240.0,4.76
2011-09-21,236.9,4.76
2011-09-22,227.5,4.75
2011-09-23,221.7,4.76
2011-09-26,229.0,4.76
2011-09-27,239.1,4.76
2011-09-28,240.8,4.76
2011-09-29,240.2,4.76
2011-09-30,236.3,4.76
2011-10-04,223.5,4.76
2011-10-05,227.0,4.75
2011-10-06,241.0,4.76
2011-10-07,243.0,4.76
2011-10-10,247.1,4.75
2011-10-11,248.4,4.75
2011-10-12,249.5,4.75
2011-10-13,248.2,4.75
2011-10-14,250.8,4.76
2011-10-18,250.7,4.76
2011-10-19,251.5,4.77
2011-10-24,258.1,4.87
2011-10-25,258.5,4.89
2011-10-26,258.5,4.89
2011-10-27,264.4,4.89
2011-10-28,269.1,4.9
2011-10-31,265.0,4.91
2011-11-02,255.0,4.92
2011-11-03,261.9,4.91
2011-11-07,255.1,4.92
2011-11-08,256.9,4.93
2011-11-09,250.6,4.93
2011-11-10,252.0,4.93
2011-11-14,261.1,4.94
2011-11-15,251.2,4.94
2011-11-16,254.4,4.94
2011-11-17,253.5,4.94
2011-11-18,251.7,4.95
2011-11-21,241.0,4.94
2011-11-22,245.3,4.94
2011-11-23,240.1,4.94
2011-11-24,239.1,4.96
2011-11-25,236.9,4.96
2011-11-29,254.2,4.96
2011-11-30,257.6,4.97
2011-12-01,266.3,4.97
2011-12-02,269.0,4.97
2011-12-08,258.3,4.98
2011-12-12,260.0,4.98
2011-12-14,255.0,4.98
2011-12-16,252.0,4.99
2011-12-20,249.6,4.99
2011-12-22,254.3,4.99
2011-12-27,254.7,4.99
2011-12-28,250.0,4.99
2011-12-30,265.0,4.99
2012-01-03,270.0,4.99
2012-01-04,269.4,4.99
2012-01-05,269.0,4.99
2012-01-09,263.0,4.99
2012-01-10,269.3,5.0
2012-01-11,267.5,4.99
2012-01-17,270.0,4.99
2012-01-23,270.8,4.97
2012-01-24,268.6,4.98
2012-01-25,269.8,4.98
2012-01-26,270.6,4.98
2012-01-27,270.8,4.98
2012-01-30,268.9,4.99
2012-01-31,267.0,4.99
2012-02-02,272.4,4.98
2012-02-03,275.0,4.98
2012-02-06,275.0,4.98
2012-02-07,276.0,4.98
2012-02-13,276.7,4.98
2012-02-14,275.3,4.98
2012-02-16,275.1,4.97
2012-02-17,280.0,4.97
2012-02-20,282.8,4.98
2012-02-22,281.9,4.97
2012-02-24,282.0,4.97
2012-02-27,279.0,4.96
2012-02-29,279.2,4.96
2012-03-01,278.1,4.96
2012-03-02,278.4,4.96
2012-03-05,278.1,4.95
2012-03-06,277.7,4.95
2012-03-07,270.5,4.96
2012-03-08,273.5,4.95
2012-03-09,274.8,4.94
2012-03-12,275.8,4.94
2012-03-15,286.1,4.94
2012-03-16,288.5,4.95
2012-03-19,286.5,4.95
2012-03-21,286.1,4.95
2012-03-22,283.1,4.95
2012-03-23,283.8,4.94
2012-03-27,287.0,4.94
2012-03-28,287.0,4.95
2012-04-03,284.5,4.94
2012-04-04,279.5,4.94
2012-04-05,272.8,4.94
2012-04-10,272.5,4.94
2012-04-12,274.0,4.94
2012-04-13,270.0,4.94
2012-04-16,272.0,4.95
2012-04-17,276.5,4.95
2012-04-19,274.0,4.95
2012-04-20,276.0,4.94
2012-04-23,268.0,4.94
2012-04-24,269.6,4.94
2012-04-27,277.8,4.95
2012-04-30,277.5,4.95
2012-05-04,270.0,4.94
2012-05-07,267.7,4.94
2012-05-08,266.1,4.95
2012-05-09,265.0,4.94
2012-05-10,268.7,5.05
2012-05-14,271.0,5.06
2012-05-15,272.2,5.06
2012-05-16,270.4,5.07
2012-05-17,268.9,5.07
2012-05-18,267.0,5.08
2012-05-22,270.7,5.08
2012-05-23,270.4,5.09
2012-05-24,267.3,5.09
2012-05-25,268.0,5.09
2012-05-28,270.6,5.1
2012-05-29,272.3,5.09
2012-05-31,269.4,5.11
2012-06-01,265.1,5.11
2012-06-04,258.5,5.11
2012-06-08,255.5,5.12
2012-06-11,261.1,5.12
2012-06-12,261.2,5.11
2012-06-13,258.0,5.12
2012-06-14,257.8,5.12
2012-06-15,259.0,5.11
2012-06-18,261.3,5.11
2012-06-19,261.8,5.11
2012-06-20,263.5,5.12
2012-06-21,265.4,5.13
2012-06-22,261.8,5.13
2012-06-25,255.6,5.12
2012-06-26,254.3,5.13
2012-06-27,255.8,5.13
2012-06-28,258.9,5.13
2012-06-29,264.0,5.13
2012-07-02,264.2,5.13
2012-07-03,269.0,5.13
2012-07-04,268.0,5.13
2012-07-05,268.5,5.13
2012-07-09,264.7,5.13
2012-07-10,264.0,5.13
2012-07-11,263.0,5.14
2012-07-12,262.8,5.13
2012-07-16,268.3,5.12
2012-07-17,268.7,5.13
2012-07-18,270.2,5.13
2012-07-20,270.0,5.13
2012-07-23,264.3,5.13
2012-07-25,261.8,5.12
2012-07-26,263.8,5.12
2012-07-27,268.8,5.12
2012-07-30,272.5,5.12
2012-07-31,272.4,5.11
2012-08-01,270.9,5.11
2012-08-02,267.5,5.11
2012-08-03,272.3,5.12
2012-08-06,272.5,5.11
2012-08-08,277.1,5.11
2012-08-09,276.0,5.11
2012-08-10,276.0,5.11
2012-08-14,277.7,5.11
2012-08-16,276.0,5.11
2012-08-17,277.8,5.11
2012-08-20,279.4,5.11
2012-08-22,279.0,5.11
2012-08-23,280.0,5.11
2012-08-27,278.2,5.12
2012-08-29,284.9,5.11
2012-08-30,283.9,5.04
2012-09-03,286.0,4.98
2012-09-06,287.6,4.96
2012-09-07,290.0,4.96
2012-09-10,289.6,4.96
2012-09-11,288.0,4.96
2012-09-12,290.7,4.95
2012-09-14,293.5,4.95
2012-09-17,296.9,4.95
2012-09-18,296.1,4.95
2012-09-19,298.7,4.95
2012-09-20,299.0,4.95
2012-09-21,298.5,4.95
2012-09-25,299.8,4.94
2012-09-26,294.5,4.94
2012-09-27,295.5,4.93
2012-09-28,290.5,4.92
2012-10-01,292.9,4.92
2012-10-02,292.8,4.92
2012-10-03,292.0,4.9
2012-10-04,292.0,4.9
2012-10-05,292.8,4.9
2012-10-08,290.0,4.91
2012-10-10,287.9,4.9
2012-10-11,290.4,4.88
2012-10-16,291.0,4.8
2012-10-17,294.3,4.79
2012-10-22,297.0,4.77
2012-10-23,292.7,4.76
2012-10-24,290.6,4.75
2012-10-26,290.6,4.75
2012-10-29,291.1,4.75
2012-10-30,293.1,4.75
2012-10-31,295.5,4.73
2012-11-05,294.6,4.71
2012-11-06,296.3,4.7
2012-11-08,294.3,4.65
2012-11-09,291.2,4.65
2012-11-13,289.0,4.64
2012-11-14,290.2,4.64
2012-11-15,287.1,4.64
2012-11-16,284.9,4.64
2012-11-19,284.9,4.63
2012-11-20,288.2,4.61
2012-11-26,296.0,4.57
2012-11-27,293.7,4.54
2012-11-30,296.9,4.49
2012-12-03,297.0,4.46
2012-12-04,300.4,4.43
2012-12-05,299.9,4.4
2012-12-06,302.5,4.37
2012-12-07,302.3,4.35
2012-12-10,299.3,4.33
2012-12-11,302.2,4.32
2012-12-12,304.5,4.29
2012-12-13,303.0,4.26
2012-12-14,303.0,4.23
2012-12-17,302.1,4.21
2012-12-18,305.0,4.2
2012-12-19,305.4,4.19
2012-12-20,303.7,4.17
2012-12-21,301.4,4.16
2012-12-27,304.5,4.14
2012-12-28,302.8,4.13
2013-01-02,308.5,4.1
2013-01-03,309.0,4.09
2013-01-04,311.3,4.08
2013-01-07,310.3,4.07
2013-01-08,309.0,4.06
2013-01-11,307.8,4.03
2013-01-14,310.4,4.03
2013-01-15,307.77,4.03
2013-01-18,312.6,4.03
2013-01-23,312.6,4.03
2013-01-24,314.5,4.01
2013-01-25,318.7,4.0
2013-01-28,320.2,3.99
2013-01-29,320.0,3.98
2013-01-30,320.3,3.96
2013-02-01,317.8,3.94
2013-02-04,312.5,3.93
2013-02-05,312.5,3.92
2013-02-06,307.8,3.88
2013-02-07,310.9,3.84
2013-02-08,308.4,3.82
2013-02-11,308.2,3.81
2013-02-13,313.2,3.8
2013-02-14,310.5,3.8
2013-02-15,309.7,3.79
2013-02-18,309.7,3.79
2013-02-19,314.5,3.76
2013-02-20,314.0,3.75
2013-02-21,308.6,3.75
2013-02-22,310.7,3.75
2013-02-25,312.9,3.75
2013-02-27,308.9,3.74
2013-02-28,312.9,3.73
2013-03-01,310.9,3.73
2013-03-05,315.9,3.72
2013-03-06,319.2,3.71
2013-03-07,321.2,3.47
2013-03-08,322.0,3.46
2013-03-11,320.5,3.46
2013-03-12,320.8,3.46
2013-03-13,320.8,3.46
2013-03-14,350.0,3.45
2013-03-15,325.0,3.42
2013-03-18,322.8,3.4
2013-03-19,323.0,3.39
2013-03-20,324.2,3.39
2013-03-21,321.6,3.39
2013-03-22,322.2,3.39
2013-03-25,319.3,3.39
2013-03-26,321.0,3.39
2013-03-27,316.8,3.39
2013-03-28,317.7,3.39
2013-04-02,321.8,3.38
2013-04-03,321.3,3.38
2013-04-04,322.7,3.37
2013-04-05,310.3,3.37
2013-04-08,307.0,3.37
2013-04-12,310.6,3.35
2013-04-15,307.5,3.35
2013-04-17,302.75,3.35
2013-04-18,302.25,3.31
2013-04-19,299.0,3.27
2013-04-22,298.5,3.24
2013-04-23,307.5,3.22
2013-04-24,313.76,3.2
2013-04-25,314.36,3.14
2013-04-26,315.0,3.1
2013-04-29,315.39,3.09
2013-04-30,318.3,3.08
2013-05-02,320.25,3.07
2013-05-06,328.0,3.05
2013-05-07,331.14,3.03
2013-05-08,331.5,3.02
2013-05-09,330.8,2.95
2013-05-10,335.07,2.93
2013-05-13,333.33,2.9
2013-05-14,338.59,2.89
2013-05-15,337.96,2.87
2013-05-16,339.85,2.84
2013-05-17,340.68,2.82
2013-05-20,342.78,2.81
2013-05-21,343.5,2.8
2013-05-22,344.22,2.79
2013-05-23,339.0,2.77
2013-05-24,338.14,2.76
2013-05-27,341.66,2.74
2013-05-28,346.86,2.74
2013-05-29,343.0,2.74
2013-05-31,348.24,2.74
2013-06-03,343.51,2.74
2013-06-04,342.61,2.74
2013-06-05,340.42,2.74
2013-06-07,338.5,2.75
2013-06-10,345.41,2.76
2013-06-11,340.24,2.76
2013-06-12,337.98,2.76
2013-06-13,332.23,2.76
2013-06-14,335.8,2.75
2013-06-17,339.63,2.75
2013-06-18,338.11,2.75
2013-06-19,340.21,2.74
2013-06-20,335.12,2.74
2013-06-21,331.5,2.74
2013-06-24,326.05,2.74
2013-06-25,327.78,2.73
2013-06-26,334.74,2.74
2013-06-27,336.3,2.73
2013-06-28,334.97,2.73
2013-07-01,337.97,2.72
2013-07-02,334.39,2.72
2013-07-03,329.23,2.71
2013-07-04,332.5,2.69
2013-07-05,327.91,2.69
2013-07-08,334.18,2.69
2013-07-09,339.85,2.69
2013-07-10,339.59,2.69
2013-07-11,343.38,2.69
2013-07-12,343.0,2.69
2013-07-15,343.6,2.69
2013-07-16,339.37,2.69
2013-07-17,338.65,2.69
2013-07-18,344.0,2.7
2013-07-19,342.84,2.7
2013-07-22,341.9,2.69
2013-07-23,340.7,2.7
2013-07-24,342.26,2.7
2013-07-25,341.53,2.7
2013-07-26,338.3,2.7
2013-07-29,340.06,2.7
2013-07-30,340.75,2.7
2013-07-31,339.25,2.7
2013-08-01,347.1,2.7
2013-08-02,346.09,2.7
2013-08-05,344.3,2.7
2013-08-06,339.0,2.7
2013-08-07,337.8,2.7
2013-08-08,339.46,2.7
2013-08-09,340.72,2.7
2013-08-12,336.0,2.69
2013-08-13,343.0,2.69
2013-08-14,345.42,2.7
2013-08-16,344.17,2.7
2013-08-19,346.31,2.7
2013-08-20,340.0,2.7
2013-08-21,341.1,2.7
2013-08-22,347.3,2.7
2013-08-26,346.08,2.71
2013-08-27,342.0,2.71
2013-08-28,339.0,2.71
2013-08-29,339.0,2.71
2013-08-30,336.77,2.7
2013-09-02,339.97,2.71
2013-09-03,341.7,2.7
2013-09-04,340.14,2.7
2013-09-05,342.47,2.7
2013-09-06,342.55,2.7
2013-09-09,343.35,2.7
2013-09-10,349.16,2.7
2013-09-11,350.0,2.7
2013-09-12,349.0,2.7
2013-09-13,347.58,2.7
2013-09-16,351.02,2.7
2013-09-17,353.2,2.7
2013-09-18,355.01,2.7
2013-09-19,354.8,2.7
2013-09-20,356.0,2.68
2013-09-23,355.0,2.67
2013-09-24,356.52,2.67
2013-09-25,355.48,2.67
2013-09-26,355.48,2.67
2013-09-27,354.6,2.67
2013-09-30,353.0,2.67
2013-10-01,355.24,2.67
2013-10-02,355.0,2.68
2013-10-03,353.5,2.68
2013-10-04,351.83,2.68
2013-10-07,347.93,2.68
2013-10-08,349.94,2.68
2013-10-09,348.78,2.68
2013-10-10,351.58,2.68
2013-10-11,354.88,2.68
2013-10-14,354.49,2.68
2013-10-15,357.28,2.67
2013-10-16,356.87,2.67
2013-10-17,356.6,2.67
2013-10-18,357.03,2.67
2013-10-21,359.64,2.67
2013-10-22,363.0,2.67
2013-10-23,362.04,2.66
2013-10-24,364.87,2.66
2013-10-25,366.66,2.66
2013-10-28,364.5,2.66
2013-10-29,366.5,2.66
2013-10-30,374.0,2.66
2013-10-31,366.82,2.66
2013-11-04,367.01,2.66
2013-11-05,364.81,2.66
2013-11-06,366.3,2.66
2013-11-07,370.0,2.66
2013-11-08,368.53,2.66
2013-11-12,371.65,2.66
2013-11-13,367.45,2.66
2013-11-14,371.52,2.65
2013-11-15,373.2,2.65
2013-11-18,374.55,2.65
2013-11-19,373.67,2.65
2013-11-20,374.48,2.65
2013-11-21,375.03,2.65
2013-11-22,376.06,2.65
2013-11-25,379.46,2.65
2013-11-26,380.0,2.65
2013-11-27,382.46,2.65
2013-11-28,383.4,2.65
2013-11-29,383.48,2.65
2013-12-02,384.54,2.65
2013-12-03,378.5,2.65
2013-12-04,373.0,2.65
2013-12-05,371.94,2.65
2013-12-06,372.77,2.65
2013-12-09,374.8,2.65
2013-12-10,370.37,2.65
2013-12-11,371.0,2.65
2013-12-12,366.08,2.65
2013-12-13,365.7,2.65
2013-12-16,367.0,2.65
2013-12-17,371.26,2.65
2013-12-18,372.64,2.68
2013-12-19,377.5,2.69
2013-12-20,379.91,2.7
2013-12-23,383.16,2.71
2013-12-27,386.0,2.71
2013-12-30,385.89,2.71
2014-01-02,381.37,2.7
2014-01-03,382.0,2.7
2014-01-07,386.35,2.7
2014-01-08,385.0,2.7
2014-01-09,385.64,2.7
2014-01-10,382.83,2.7
2014-01-13,383.12,2.7
2014-01-14,382.51,2.7
2014-01-15,392.51,2.7
2014-01-16,393.75,2.7
2014-01-17,393.68,2.7
2014-01-20,392.36,2.7
2014-01-21,393.99,2.7
2014-01-22,393.93,2.7
2014-01-23,390.35,2.7
2014-01-24,383.06,2.7
2014-01-27,381.0,2.7
2014-01-28,382.0,2.7
2014-01-29,379.74,2.7
2014-01-30,383.0,2.7
2014-01-31,380.0,2.71
2014-02-03,379.68,2.71
2014-02-04,374.72,2.71
2014-02-05,371.0,2.71
2014-02-06,374.5,2.71
2014-02-07,376.0,2.71
2014-02-10,377.98,2.71
2014-02-11,382.33,2.71
2014-02-12,386.32,2.71
2014-02-13,386.4,2.71
2014-02-14,388.72,2.71
2014-02-17,389.0,2.71
2014-02-18,388.85,2.71
2014-02-19,390.76,2.71
2014-02-20,386.42,2.71
2014-02-21,389.37,2.71
2014-02-24,390.91,2.71
2014-02-25,389.1,2.71
2014-02-26,389.19,2.71
2014-02-27,387.82,2.71
2014-02-28,391.4,2.71
2014-03-03,383.0,2.71
2014-03-04,384.7,2.71
2014-03-05,387.93,2.71
2014-03-06,388.0,2.71
2014-03-07,385.0,2.71
2014-03-10,378.04,2.71
2014-03-12,377.72,2.71
2014-03-13,373.45,2.71
2014-03-14,371.5,2.71
2014-03-17,375.68,2.71
2014-03-18,375.99,2.71
2014-03-19,378.43,2.71
2014-03-20,377.3,2.71
2014-03-21,380.6,2.71
2014-03-24,379.55,2.71
2014-03-25,380.0,2.71
2014-03-26,382.0,2.71
2014-03-27,380.88,2.71
2014-03-28,387.0,2.71
2014-03-31,388.9,2.71
2014-04-01,390.0,2.71
2014-04-02,390.65,2.71
2014-04-03,390.64,2.72
2014-04-04,390.6,2.72
2014-04-07,388.1,2.72
2014-04-08,382.0,2.72
2014-04-09,384.8,2.72
2014-04-11,379.0,2.72
2014-04-14,376.86,2.72
2014-04-15,377.5,2.72
2014-04-16,377.0,2.72
2014-04-17,382.0,2.72
2014-04-22,389.55,2.72
2014-04-23,389.58,2.72
2014-04-24,385.0,2.72
2014-04-25,384.6,2.72
2014-04-28,384.6,2.72
2014-04-29,389.19,2.72
2014-04-30,392.49,2.72
2014-05-02,391.0,2.72
2014-05-05,385.31,2.72
2014-05-06,385.31,2.72
2014-05-07,386.92,2.72
2014-05-08,390.11,2.72
2014-05-09,388.57,2.72
2014-05-12,393.61,2.72
2014-05-13,396.0,2.72
2014-05-14,396.0,2.72
2014-05-15,393.0,2.72
2014-05-16,391.94,2.72
2014-05-19,391.86,2.72
2014-05-20,391.75,2.72
2014-05-21,393.0,2.72
2014-05-22,393.0,2.72
2014-05-23,392.45,2.72
2014-05-26,398.57,2.72
2014-05-27,400.83,2.72
2014-05-28,399.9,2.72
2014-05-29,399.0,2.72
2014-05-30,399.38,2.72
2014-06-02,399.3,2.72
2014-06-03,397.75,2.72
2014-06-04,399.76,2.71
2014-06-05,397.46,2.7
2014-06-06,397.46,2.69
2014-06-09,397.66,2.69
2014-06-10,399.13,2.69
2014-06-11,397.0,2.68
2014-06-12,397.0,2.68
2014-06-13,395.8,2.68
2014-06-16,397.5,2.68
2014-06-17,397.5,2.68
2014-06-18,399.36,2.68
2014-06-20,404.24,2.68
2014-06-23,399.46,2.68
2014-06-24,399.46,2.68
2014-06-25,396.0,2.68
2014-06-26,394.42,2.68
2014-06-27,395.34,2.68
2014-06-30,395.5,2.68
2014-07-01,397.48,2.68
2014-07-02,399.0,2.68
2014-07-03,399.8,2.68
2014-07-04,402.04,2.68
2014-07-07,401.91,2.68
2014-07-08,394.59,2.68
2014-07-09,392.34,2.68
2014-07-10,388.93,2.68
2014-07-11,387.97,2.68
2014-07-14,391.29,2.68
2014-07-15,391.0,2.68
2014-07-16,394.76,2.68
2014-07-17,392.3,2.68
2014-07-18,389.71,2.68
2014-07-21,386.83,2.68
2014-07-22,387.9,2.68
2014-07-24,390.0,2.67
2014-07-25,390.0,2.67
2014-07-28,384.06,2.67
2014-07-29,389.5,2.67
2014-07-30,387.91,2.67
2014-07-31,382.12,2.67
2014-08-01,377.0,2.67
2014-08-04,369.81,2.67
2014-08-05,372.0,2.67
2014-08-06,369.82,2.67
2014-08-07,368.99,2.67
2014-08-08,366.11,2.67
2014-08-11,372.66,2.67
2014-08-12,370.0,2.67
2014-08-13,371.97,2.67
2014-08-14,374.22,2.66
2014-08-18,374.66,2.66
2014-08-19,377.84,2.65
2014-08-20,377.76,2.65
2014-08-21,380.2,2.64
2014-08-22,379.0,2.64
2014-08-25,382.34,2.63
2014-08-26,383.85,2.62
2014-08-27,389.53,2.61
2014-08-28,386.11,2.6
2014-08-29,387.53,2.59
2014-09-01,385.96,2.58
2014-09-02,389.0,2.57
2014-09-03,392.0,2.56
2014-09-04,391.6,2.55
2014-09-05,394.25,2.53
2014-09-08,394.98,2.52
2014-09-09,394.37,2.51
2014-09-10,394.15,2.5
2014-09-11,392.88,2.49
2014-09-12,392.5,2.48
2014-09-15,393.07,2.47
2014-09-17,392.5,2.45
2014-09-18,396.0,2.44
2014-09-19,398.0,2.42
2014-09-22,394.29,2.4
2014-09-23,389.7,2.38
2014-09-24,386.0,2.36
2014-09-25,386.0,2.32
2014-09-26,384.0,2.3
2014-09-29,380.93,2.29
2014-09-30,382.16,2.28
2014-10-01,380.98,2.27
2014-10-02,373.14,2.26
2014-10-06,372.62,2.24
2014-10-07,369.0,2.23
2014-10-08,364.99,2.23
2014-10-09,364.59,2.09
2014-10-10,356.99,2.06
2014-10-13,357.78,2.05
2014-10-14,357.93,2.04
2014-10-15,349.2,2.03
2014-10-16,348.0,2.03
2014-10-17,359.56,2.02
2014-10-20,356.5,2.02
2014-10-21,362.77,2.01
2014-10-22,365.0,2.0
2014-10-23,368.0,1.99
2014-10-24,367.52,1.98
2014-10-27,364.39,1.98
2014-10-28,370.0,1.98
2014-10-29,373.28,1.98
2014-10-30,367.5,1.97
2014-10-31,380.5,1.96
2014-11-03,379.58,1.95
2014-11-04,375.73,1.95
2014-11-05,380.0,1.94
2014-11-06,385.0,2.02
2014-11-07,379.0,2.03
2014-11-10,381.0,2.04
2014-11-12,375.91,2.04
2014-11-13,378.46,2.04
2014-11-14,378.0,2.04
2014-11-17,380.7,2.05
2014-11-18,385.35,2.06
2014-11-19,385.6,2.06
2014-11-20,385.0,2.06
2014-11-21,394.64,2.06
2014-11-24,397.92,2.06
2014-11-25,398.94,2.06
2014-11-26,400.98,2.06
2014-11-27,404.0,2.06
2014-11-28,402.53,2.06
2014-12-01,402.44,2.06
2014-12-02,400.1,2.06
2014-12-03,401.5,2.06
2014-12-04,399.0,2.06
2014-12-05,401.91,2.06
2014-12-08,405.0,2.06
2014-12-09,395.96,2.06
2014-12-10,395.94,2.06
2014-12-11,396.72,2.06
2014-12-12,392.97,2.06
2014-12-15,385.0,2.06
2014-12-16,381.0,2.06
2014-12-17,390.5,2.06
2014-12-18,402.7,2.06
2014-12-19,404.0,2.06
2014-12-22,409.74,2.06
2014-12-23,410.0,2.06
2014-12-29,410.0,2.06
2014-12-30,407.8,2.06
2015-01-02,407.75,2.06
2015-01-05,396.23,2.06
2015-01-07,398.99,2.06
2015-01-08,404.62,2.06
2015-01-09,400.01,2.05
2015-01-12,400.28,2.05
2015-01-13,412.5,2.04
2015-01-14,407.48,2.04
2015-01-15,417.0,2.04
2015-01-16,422.86,2.03
2015-01-19,429.43,2.02
2015-01-20,429.02,2.02
2015-01-21,427.0,2.02
2015-01-22,429.0,2.02
2015-01-23,433.27,2.02
2015-01-26,440.01,2.01
2015-01-27,436.0,2.01
2015-01-28,437.71,2.0
2015-01-29,436.83,2.0
2015-01-30,433.6,2.0
2015-02-02,433.0,1.99
2015-02-03,440.4,1.99
2015-02-04,436.09,1.98
2015-02-05,438.5,1.98
2015-02-06,437.31,1.97
2015-02-09,430.29,1.97
2015-02-10,435.0,1.96
2015-02-11,440.48,1.96
2015-02-12,442.0,1.95
2015-02-13,444.0,1.94
2015-02-16,442.34,1.93
2015-02-17,440.5,1.92
2015-02-18,444.91,1.92
2015-02-19,442.13,1.89
2015-02-20,445.0,1.86
2015-02-23,449.5,1.84
2015-02-24,450.88,1.83
2015-02-25,451.52,1.83
2015-02-26,454.57,1.82
2015-02-27,457.16,1.81
2015-03-02,459.5,1.81
2015-03-03,458.0,1.81
2015-03-04,456.84,1.81
2015-03-05,463.0,1.65
2015-03-06,463.8,1.65
2015-03-09,461.0,1.65
2015-03-10,465.1,1.65
2015-03-11,470.0,1.65
2015-03-12,472.6,1.65
2015-03-13,479.0,1.65
2015-03-16,487.1,1.65
2015-03-17,481.77,1.65
2015-03-18,478.0,1.65
2015-03-19,472.48,1.65
2015-03-20,483.5,1.65
2015-03-23,473.1,1.65
2015-03-24,475.94,1.65
2015-03-25,472.0,1.65
2015-03-26,463.0,1.65
2015-03-27,472.03,1.65
2015-03-30,475.78,1.65
2015-03-31,475.67,1.65
2015-04-01,473.24,1.65
2015-04-02,471.0,1.65
2015-04-07,476.9,1.65
2015-04-08,468.56,1.65
2015-04-09,474.25,1.65
2015-04-10,478.8,1.65
2015-04-13,480.0,1.65
2015-04-14,474.37,1.65
2015-04-15,479.41,1.65
2015-04-16,468.79,1.65
2015-04-17,456.0,1.65
2015-04-20,459.0,1.65
2015-04-21,464.37,1.65
2015-04-22,458.0,1.65
2015-04-23,454.3,1.65
2015-04-24,456.3,1.65
2015-04-27,464.74,1.65
2015-04-28,456.95,1.65
2015-04-29,445.88,1.65
2015-04-30,448.0,1.65
2015-05-04,454.13,1.65
2015-05-05,445.0,1.65
2015-05-06,440.1,1.65
2015-05-07,446.8,1.66
2015-05-08,457.7,1.66
2015-05-11,457.61,1.66
2015-05-12,453.0,1.67
2015-05-13,450.91,1.67
2015-05-14,455.35,1.67
2015-05-15,445.55,1.67
2015-05-18,452.1,1.67
2015-05-19,465.0,1.68
2015-05-20,468.0,1.68
2015-05-21,469.27,1.68
2015-05-22,468.29,1.68
2015-05-25,469.99,1.68
2015-05-26,465.01,1.68
2015-05-27,468.0,1.68
2015-05-28,466.5,1.68
2015-05-29,455.89,1.68
2015-06-01,455.0,1.68
2015-06-02,451.96,1.68
2015-06-03,457.9,1.68
2015-06-05,452.0,1.68
2015-06-08,446.72,1.68
2015-06-09,440.0,1.69
2015-06-10,447.11,1.7
2015-06-11,453.44,1.7
2015-06-12,443.08,1.71
2015-06-15,442.42,1.71
2015-06-16,438.6,1.71
2015-06-17,438.74,1.71
2015-06-18,437.4,1.71
2015-06-19,443.51,1.72
2015-06-22,460.71,1.72
2015-06-23,468.0,1.72
2015-06-24,461.08,1.72
2015-06-25,463.99,1.72
2015-06-26,463.83,1.72
2015-06-29,454.0,1.72
2015-06-30,443.99,1.72
2015-07-01,453.97,1.72
2015-07-02,449.75,1.72
2015-07-03,446.25,1.72
2015-07-06,441.1,1.72
2015-07-07,434.84,1.72
2015-07-08,440.06,1.72
2015-07-09,447.54,1.72
2015-07-10,454.9,1.72
2015-07-13,460.0,1.72
2015-07-14,459.0,1.72
2015-07-15,460.2,1.72
2015-07-16,466.67,1.72
2015-07-17,464.86,1.72
2015-07-20,469.53,1.72
2015-07-21,461.78,1.72
2015-07-22,459.53,1.72
2015-07-23,455.02,1.72
2015-07-24,455.0,1.72
2015-07-27,442.7,1.72
2015-07-28,446.08,1.72
2015-07-29,448.27,1.72
2015-07-30,447.3,1.72
2015-07-31,450.0,1.72
2015-08-03,458.0,1.72
2015-08-04,458.12,1.72
2015-08-05,467.9,1.72
2015-08-06,469.0,1.72
2015-08-07,466.0,1.72
2015-08-10,469.35,1.72
2015-08-11,458.8,1.72
2015-08-12,444.44,1.72
2015-08-13,446.77,1.72
2015-08-14,443.84,1.72
2015-08-17,441.91,1.72
2015-08-18,440.0,1.72
2015-08-19,432.5,1.72
2015-08-20,423.0,1.72
2015-08-21,419.0,1.72
2015-08-24,397.0,1.72
2015-08-25,410.23,1.72
2015-08-26,408.62,1.72
2015-08-27,422.5,1.72
2015-08-28,418.61,1.72
2015-08-31,417.74,1.72
2015-09-01,408.36,1.72
2015-09-02,410.0,1.72
2015-09-03,417.66,1.72
2015-09-04,410.16,1.72
2015-09-07,412.76,1.72
2015-09-08,419.62,1.72
2015-09-09,419.43,1.72
2015-09-10,415.87,1.72
2015-09-11,411.5,1.72
2015-09-14,411.91,1.72
2015-09-15,411.73,1.72
2015-09-16,413.11,1.72
2015-09-17,415.0,1.72
2015-09-18,403.93,1.72
2015-09-21,401.83,1.72
2015-09-22,387.05,1.72
2015-09-23,392.01,1.72
2015-09-24,382.89,1.72
2015-09-25,395.01,1.72
2015-09-28,388.0,1.73
2015-09-29,383.22,1.73
2015-09-30,396.26,1.73
2015-10-01,391.7,1.73
2015-10-02,390.0,1.73
2015-10-05,402.6,1.73
2015-10-06,405.0,1.73
2015-10-07,410.41,1.73
2015-10-08,408.64,1.73
2015-10-09,410.82,1.73
2015-10-12,410.0,1.73
2015-10-13,408.6,1.73
2015-10-14,406.92,1.73
2015-10-15,410.26,1.73
2015-10-16,410.45,1.73
2015-10-19,416.0,1.73
2015-10-20,415.6,1.73
2015-10-21,424.21,1.73
2015-10-22,428.88,1.73
2015-10-23,442.21,1.73
2015-10-26,445.23,1.73
2015-10-27,442.59,1.73
2015-10-28,447.0,1.73
2015-10-29,444.0,1.73
2015-10-30,443.5,1.73
2015-11-02,449.5,1.73
2015-11-03,447.0,1.73
2015-11-04,443.0,1.73
2015-11-05,446.36,1.73
2015-11-06,452.8,1.73
2015-11-09,447.27,1.73
2015-11-10,442.33,1.73
2015-11-12,440.22,1.73
2015-11-13,437.0,1.73
2015-11-16,439.47,1.73
2015-11-17,445.02,1.73
2015-11-18,448.63,1.73
2015-11-19,455.5,1.73
2015-11-20,455.09,1.73
2015-11-23,454.0,1.73
2015-11-24,447.85,1.73
2015-11-25,458.65,1.73
2015-11-26,467.38,1.73
2015-11-27,463.39,1.73
2015-11-30,467.2,1.73
2015-12-01,466.11,1.73
2015-12-02,464.6,1.72
2015-12-03,453.14,1.72
2015-12-04,446.7,1.72
2015-12-07,453.0,1.72
2015-12-08,445.0,1.72
2015-12-09,444.51,1.72
2015-12-10,444.0,1.72
2015-12-11,432.1,1.72
2015-12-14,427.31,1.72
2015-12-15,438.72,1.72
2015-12-16,436.4,1.72
2015-12-17,444.38,1.72
2015-12-18,436.2,1.72
2015-12-21,434.42,1.72
2015-12-22,429.17,1.72
2015-12-23,439.46,1.72
2015-12-28,439.09,1.72
2015-12-29,440.58,1.72
2015-12-30,439.78,1.72
2016-01-04,426.81,1.72
2016-01-05,428.0,1.72
2016-01-07,416.0,1.72
2016-01-08,416.0,1.72
2016-01-11,418.0,1.72
2016-01-12,423.45,1.71
2016-01-13,422.0,1.71
2016-01-14,416.7,1.7
2016-01-15,405.96,1.7
2016-01-18,412.92,1.7
2016-01-19,412.92,1.7
2016-01-20,405.5,1.7
2016-01-21,409.5,1.7
2016-01-22,422.0,1.7
2016-01-25,418.0,1.7
2016-01-26,423.0,1.7
2016-01-27,422.19,1.7
2016-01-28,414.0,1.7
2016-01-29,415.08,1.7
2016-02-01,411.0,1.7
2016-02-02,403.25,1.7
2016-02-03,400.0,1.69
2016-02-04,401.55,1.69
2016-02-05,392.82,1.69
2016-02-08,384.12,1.69
2016-02-09,381.02,1.69
2016-02-10,385.97,1.69
2016-02-11,376.42,1.69
2016-02-12,376.3,1.69
2016-02-15,388.78,1.69
2016-02-16,384.78,1.69
2016-02-17,396.0,1.69
2016-02-18,401.72,1.69
2016-02-19,392.39,1.69
2016-02-22,403.55,1.69
2016-02-23,400.5,1.68
2016-02-24,388.3,1.68
2016-02-25,389.92,1.68
2016-02-26,399.0,1.68
2016-02-29,394.0,1.68
2016-03-01,403.0,1.68
2016-03-02,407.0,1.68
2016-03-03,406.2,1.67
2016-03-04,407.29,1.67
2016-03-07,406.5,1.67
2016-03-08,404.75,1.67
2016-03-09,404.01,1.67
2016-03-10,407.0,1.67
2016-03-11,406.5,1.67
2016-03-14,411.0,1.67
2016-03-15,410.5,1.67
2016-03-16,413.37,1.67
2016-03-17,406.79,1.67
2016-03-18,406.54,1.67
2016-03-21,405.46,1.67
2016-03-22,408.0,1.67
2016-03-23,414.0,1.67
2016-03-24,405.71,1.67
2016-03-29,402.0,1.67
2016-03-30,411.34,1.67
2016-03-31,408.0,1.67
2016-04-01,397.72,1.67
2016-04-04,400.93,1.67
2016-04-05,391.8,1.67
2016-04-06,393.42,1.67
2016-04-07,396.23,1.67
2016-04-08,400.22,1.67
2016-04-11,400.96,1.67
2016-04-12,402.74,1.67
2016-04-13,411.6,1.67
2016-04-14,415.97,1.67
2016-04-15,414.11,1.67
2016-04-18,417.98,1.67
2016-04-19,428.0,1.67
2016-04-20,427.39,1.67
2016-04-21,429.1,1.67
2016-04-22,434.31,1.67
2016-04-25,435.79,1.67
2016-04-26,432.85,1.67
2016-04-27,435.24,1.67
2016-04-28,432.0,1.67
2016-04-29,422.47,1.67
2016-05-02,427.98,1.67
2016-05-04,417.56,1.67
2016-05-05,418.84,1.67
2016-05-06,418.59,1.67
2016-05-09,426.93,1.67
2016-05-10,424.3,1.67
2016-05-11,421.33,1.67
2016-05-12,420.5,1.67
2016-05-13,419.07,1.67
2016-05-16,424.0,1.67
2016-05-17,413.0,1.67
2016-05-18,417.0,1.67
2016-05-19,417.0,1.67
2016-05-20,419.54,1.67
2016-05-24,425.99,1.68
2016-05-25,432.0,1.68
2016-05-27,434.77,1.68
2016-05-30,435.5,1.68
2016-05-31,432.5,1.68
2016-06-01,428.14,1.68
2016-06-02,429.48,1.68
2016-06-03,422.0,1.68
2016-06-06,425.79,1.68
2016-06-07,428.37,1.68
2016-06-08,421.8,1.68
2016-06-09,418.17,1.68
2016-06-10,413.38,1.68
2016-06-13,409.64,1.68
2016-06-14,406.3,1.68
2016-06-15,405.28,1.68
2016-06-16,405.0,1.69
2016-06-17,411.05,1.7
2016-06-20,419.0,1.7
2016-06-21,422.0,1.71
2016-06-22,424.0,1.71
2016-06-23,426.6,1.71
2016-06-24,412.5,1.71
2016-06-27,397.08,1.71
2016-06-28,403.97,1.71
2016-06-29,406.55,1.71
2016-06-30,407.4,1.71
2016-07-01,407.45,1.71
2016-07-04,413.5,1.71
2016-07-05,407.0,1.71
2016-07-06,398.07,1.71
2016-07-07,400.0,1.71
2016-07-08,408.09,1.71
2016-07-11,414.7,1.71
2016-07-12,421.28,1.71
2016-07-13,420.1,1.71
2016-07-14,425.32,1.71
2016-07-15,424.52,1.71
2016-07-18,423.47,1.71
2016-07-19,417.37,1.71
2016-07-20,424.09,1.71
2016-07-21,425.5,1.71
2016-07-22,425.0,1.71
2016-07-25,428.0,1.71
2016-07-26,429.18,1.71
2016-07-27,432.82,1.71
2016-07-28,432.0,1.71
2016-07-29,432.0,1.71
2016-08-01,431.14,1.71
2016-08-02,421.31,1.71
2016-08-03,418.55,1.71
2016-08-04,424.0,1.71
2016-08-05,422.6,1.71
2016-08-08,426.11,1.71
2016-08-09,433.22,1.71
2016-08-10,436.7,1.71
2016-08-11,435.82,1.71
2016-08-12,439.15,1.71
2016-08-16,437.0,1.71
2016-08-17,433.09,1.71
2016-08-18,437.65,1.71
2016-08-19,434.0,1.71
2016-08-22,432.75,1.71
2016-08-23,438.96,1.71
2016-08-24,437.35,1.71
2016-08-25,436.0,1.71
2016-08-26,434.75,1.71
2016-08-29,435.64,1.71
2016-08-30,444.6,1.71
2016-08-31,443.5,1.71
2016-09-01,440.45,1.71
2016-09-02,446.0,1.71
2016-09-05,446.94,1.71
2016-09-06,444.4,1.71
2016-09-07,444.62,1.71
2016-09-08,443.11,1.71
2016-09-09,440.0,1.71
2016-09-12,428.5,1.71
2016-09-13,435.42,1.71
2016-09-14,433.0,1.71
2016-09-15,431.0,1.71
2016-09-16,425.01,1.71
2016-09-19,427.11,1.71
2016-09-20,429.15,1.71
2016-09-21,432.05,1.71
2016-09-22,436.0,1.71
2016-09-23,436.05,1.71
2016-09-26,431.17,1.71
2016-09-27,424.52,1.71
2016-09-28,430.7,1.71
2016-09-29,435.0,1.71
2016-09-30,429.27,1.71
2016-10-03,433.0,1.71
2016-10-04,436.51,1.71
2016-10-05,435.06,1.71
2016-10-06,434.15,1.71
2016-10-07,431.58,1.71
2016-10-10,431.46,1.72
2016-10-11,436.62,1.72
2016-10-12,433.93,1.72
2016-10-13,426.92,1.72
2016-10-14,435.53,1.72
2016-10-17,435.05,1.72
2016-10-18,438.81,1.72
2016-10-19,440.32,1.72
2016-10-20,440.0,1.72
2016-10-21,442.43,1.72
2016-10-24,445.36,1.72
2016-10-25,446.57,1.72
2016-10-26,440.73,1.72
2016-10-28,443.59,1.72
2016-10-31,444.0,1.72
2016-11-02,432.28,1.72
2016-11-03,430.44,1.72
2016-11-04,423.0,1.72
2016-11-07,433.66,1.72
2016-11-08,433.66,1.72
2016-11-09,437.15,1.73
2016-11-10,447.0,1.73
2016-11-14,451.92,1.73
2016-11-15,454.82,1.73
2016-11-16,452.64,1.73
2016-11-17,453.5,1.73
2016-11-18,454.0,1.73
2016-11-21,454.0,1.73
2016-11-22,454.28,1.73
2016-11-23,454.61,1.73
2016-11-24,451.72,1.73
2016-11-25,453.2,1.73
2016-11-28,447.37,1.73
2016-11-29,451.0,1.73
2016-11-30,454.92,1.73
2016-12-01,452.0,1.73
2016-12-02,452.0,1.73
2016-12-05,459.7,1.73
2016-12-06,460.68,1.73
2016-12-07,465.0,1.73
2016-12-08,472.81,1.73
2016-12-09,476.44,1.73
2016-12-12,478.0,1.73
2016-12-13,480.38,1.73
2016-12-14,480.26,1.73
2016-12-15,483.29,1.73
2016-12-16,481.91,1.73
2016-12-19,481.43,1.73
2016-12-20,484.0,1.73
2016-12-21,482.46,1.73
2016-12-22,482.43,1.73
2016-12-23,482.12,1.73
2016-12-27,485.48,1.73
2016-12-28,485.5,1.73
2016-12-29,485.39,1.73
2016-12-30,483.06,1.73
2017-01-02,488.38,1.73
2017-01-03,488.47,1.73
2017-01-04,485.06,1.73
2017-01-05,485.25,1.73
2017-01-09,485.25,1.73
2017-01-10,485.74,1.73
2017-01-11,487.38,1.73
2017-01-12,483.0,1.73
2017-01-13,488.0,1.73
2017-01-16,485.66,1.73
2017-01-17,488.0,1.73
2017-01-18,485.77,1.73
2017-01-19,486.89,1.73
2017-01-20,486.5,1.73
2017-01-23,484.03,1.73
2017-01-24,486.14,1.73
2017-01-25,491.74,1.73
2017-01-26,492.0,1.73
2017-01-27,491.0,1.73
2017-01-30,487.08,1.73
2017-01-31,483.0,1.73
2017-02-01,483.0,1.73
2017-02-02,480.74,1.73
2017-02-03,477.85,1.73
2017-02-06,475.0,1.73
2017-02-07,477.15,1.73
2017-02-08,476.39,1.73
2017-02-09,480.62,1.73
2017-02-10,481.59,1.73
2017-02-13,487.57,1.73
2017-02-14,486.16,1.73
2017-02-15,485.97,1.73
2017-02-16,487.55,1.73
2017-02-17,485.37,1.73
2017-02-20,490.0,1.73
2017-02-21,490.5,1.73
2017-02-22,494.0,1.73
2017-02-23,494.0,1.73
2017-02-24,487.27,1.73
2017-02-27,488.0,1.73
2017-02-28,488.0,1.73
2017-03-01,496.5,1.73
2017-03-02,497.0,1.73
2017-03-03,493.4,1.73
2017-03-06,494.0,1.73
2017-03-07,494.9,1.73
2017-03-08,495.21,1.73
2017-03-09,495.5,1.73
2017-03-10,494.8,1.73
2017-03-13,499.69,1.73
2017-03-14,498.0,1.73
2017-03-15,497.0,1.73
2017-03-16,494.93,1.73
2017-03-17,497.0,1.73
2017-03-20,495.12,1.73
2017-03-21,485.0,1.73
2017-03-22,489.37,1.73
2017-03-23,491.04,1.73
2017-03-24,490.92,1.73
2017-03-27,485.2,1.73
2017-03-28,491.1,1.73
2017-03-29,493.5,1.73
2017-03-31,496.13,1.73
2017-04-03,499.75,1.73
2017-04-04,498.1,1.73
2017-04-05,496.29,1.73
2017-04-06,495.0,1.73
2017-04-07,494.42,1.73
2017-04-10,495.0,1.73
2017-04-11,493.0,1.73
2017-04-12,494.0,1.73
2017-04-13,490.53,1.73
2017-04-18,487.6,1.73
2017-04-19,489.8,1.73
2017-04-20,491.5,1.73
2017-04-21,492.75,1.73
2017-04-24,503.5,1.73
2017-04-25,504.5,1.73
2017-04-26,502.46,1.73
2017-04-27,504.02,1.73
2017-04-28,502.0,1.73
2017-05-02,502.0,1.73
2017-05-04,509.4,1.73
2017-05-05,509.2,1.73
2017-05-08,510.61,1.73
2017-05-09,516.0,1.73
2017-05-10,515.59,1.73
2017-05-11,512.43,1.73
2017-05-12,513.95,1.73
2017-05-15,513.7,1.73
2017-05-16,512.5,1.73
2017-05-17,506.2,1.73
2017-05-18,507.74,1.73
2017-05-19,505.67,1.73
2017-05-22,506.69,1.73
2017-05-23,504.82,1.73
2017-05-25,503.88,1.73
2017-05-26,501.0,1.73
2017-05-29,503.48,1.73
2017-05-30,503.0,1.73
2017-05-31,507.29,1.73
2017-06-01,507.35,1.73
2017-06-02,513.69,1.73
2017-06-05,510.2,1.73
2017-06-06,509.0,1.73
2017-06-07,509.31,1.73
2017-06-08,509.0,1.73
2017-06-09,512.0,1.73
2017-06-12,506.41,1.73
2017-06-13,511.4,1.73
2017-06-14,514.67,1.73
2017-06-16,513.51,1.73
2017-06-19,517.5,1.73
2017-06-20,520.49,1.73
2017-06-21,516.77,1.73
2017-06-22,516.77,1.73
2017-06-23,512.2,1.73
2017-06-26,517.31,1.73
2017-06-27,509.82,1.73
2017-06-28,511.96,1.73
2017-06-29,505.38,1.73
2017-06-30,499.06,1.73
2017-07-03,504.99,1.73
2017-07-04,505.95,1.73
2017-07-05,505.87,1.73
2017-07-06,503.0,1.73
2017-07-07,500.1,1.73
2017-07-10,504.62,1.73
2017-07-11,506.54,1.73
2017-07-12,508.3,1.73
2017-07-13,510.0,1.73
2017-07-14,507.46,1.73
2017-07-17,506.55,1.73
2017-07-18,499.51,1.73
2017-07-19,500.5,1.73
2017-07-20,500.0,1.73
2017-07-21,495.95,1.73
2017-07-24,496.69,1.73
2017-07-25,500.0,1.73
2017-07-26,501.5,1.73
2017-07-27,497.17,1.73
2017-07-28,496.0,1.73
2017-07-31,494.89,1.73
2017-08-01,500.19,1.73
2017-08-02,496.5,1.73
2017-08-03,494.83,1.73
2017-08-04,496.91,1.73
2017-08-07,497.93,1.73
2017-08-08,498.71,1.73
2017-08-09,495.5,1.73
2017-08-10,491.0,1.73
2017-08-11,491.0,1.73
2017-08-14,498.39,1.73
2017-08-16,499.25,1.73
2017-08-17,497.55,1.73
2017-08-18,498.41,1.73
2017-08-21,491.51,1.73
2017-08-22,498.17,1.73
2017-08-23,498.57,1.73
2017-08-24,498.41,1.73
2017-08-25,497.5,1.73
2017-08-28,493.17,1.73
2017-08-29,487.66,1.73
2017-08-30,489.76,1.73
2017-08-31,490.15,1.73
2017-09-01,492.5,1.73
2017-09-04,492.0,1.73
2017-09-05,492.0,1.73
2017-09-06,495.0,1.73
2017-09-07,499.97,1.73
2017-09-08,500.58,1.73
2017-09-11,505.0,1.73
2017-09-12,510.97,1.73
2017-09-13,512.0,1.73
2017-09-14,513.0,1.73
2017-09-15,510.0,1.73
2017-09-18,515.53,1.73
2017-09-19,514.21,1.73
2017-09-20,513.0,1.73
2017-09-21,515.0,1.73
2017-09-22,513.92,1.73
2017-09-25,515.45,1.73
2017-09-26,516.5,1.73
2017-09-27,523.0,1.73
2017-09-28,523.0,1.73
2017-09-29,523.78,1.73
2017-10-02,530.0,1.73
2017-10-03,530.0,1.73
2017-10-04,532.5,1.73
2017-10-05,529.14,1.73
2017-10-06,531.88,1.73
2017-10-09,533.7,1.73
2017-10-10,530.86,1.73
2017-10-11,530.44,1.73
2017-10-12,530.34,1.73
2017-10-13,529.0,1.73
2017-10-16,524.7,1.73
2017-10-17,524.7,1.73
2017-10-18,528.93,1.73
2017-10-19,524.15,1.73
2017-10-20,526.0,1.73
2017-10-23,525.84,1.73
2017-10-24,526.04,1.73
2017-10-25,526.0,1.73
2017-10-26,532.53,1.73
2017-10-27,537.0,1.73
2017-10-30,536.89,1.73
2017-10-31,540.0,1.73
2017-11-02,545.0,1.73
2017-11-03,547.35,1.73
2017-11-06,546.62,1.73
2017-11-07,544.62,1.73
2017-11-08,542.5,1.73
2017-11-09,535.54,1.73
2017-11-10,531.0,1.73
2017-11-13,526.28,1.73
2017-11-14,528.04,1.73
2017-11-15,522.55,1.73
2017-11-16,527.0,1.73
2017-11-17,527.55,1.73
2017-11-20,529.6,1.73
2017-11-21,532.0,1.73
2017-11-22,526.38,1.73
2017-11-23,521.5,1.73
2017-11-24,522.69,1.73
2017-11-27,523.84,1.73
2017-11-28,523.0,1.73
2017-11-29,528.0,1.73
2017-11-30,525.35,1.73
2017-12-01,523.6,1.73
2017-12-04,524.62,1.73
2017-12-05,523.94,1.73
2017-12-06,523.85,1.73
2017-12-07,521.85,1.72
2017-12-08,528.9,1.72
2017-12-11,526.0,1.72
2017-12-12,529.58,1.72
2017-12-13,529.0,1.72
2017-12-14,530.26,1.72
2017-12-15,526.0,1.72
2017-12-18,533.4,1.72
2017-12-19,532.55,1.72
2017-12-20,525.01,1.72
2017-12-21,523.0,1.72
2017-12-22,524.0,1.72
2017-12-27,522.0,1.72
2017-12-28,521.68,1.72
2017-12-29,516.34,1.72
2018-01-03,516.2,1.72
2018-01-04,524.3,1.72
2018-01-05,528.0,1.72
2018-01-08,533.0,1.72
2018-01-09,535.0,1.72
2018-01-10,530.3,1.72
2018-01-11,525.0,1.72
2018-01-12,527.9,1.72
2018-01-15,527.0,1.72
2018-01-16,530.0,1.72
2018-01-17,524.6,1.72
2018-01-18,525.0,1.72
2018-01-19,535.4,1.72
2018-01-22,534.9,1.72
2018-01-23,540.0,1.72
2018-01-24,537.0,1.72
2018-01-25,525.1,1.72
2018-01-26,527.6,1.72
2018-01-29,528.1,1.72
2018-01-30,523.3,1.72
2018-01-31,523.0,1.72
2018-02-01,511.1,1.72
2018-02-02,509.1,1.72
2018-02-05,504.4,1.72
2018-02-06,490.0,1.72
2018-02-07,500.1,1.72
2018-02-08,490.0,1.72
2018-02-09,485.0,1.72
2018-02-12,489.2,1.72
2018-02-13,489.1,1.72
2018-02-14,491.0,1.72
2018-02-15,490.0,1.72
2018-02-16,493.15,1.72
2018-02-19,489.7,1.72
2018-02-20,492.95,1.72
2018-02-21,495.0,1.72
2018-02-22,493.2,1.72
2018-02-23,497.2,1.72
2018-02-26,498.35,1.72
2018-02-27,496.7,1.72
2018-02-28,495.75,1.72
2018-03-01,489.1,1.72
2018-03-02,477.5,1.72
2018-03-05,478.5,1.72
2018-03-06,486.1,1.72
2018-03-07,488.65,1.72
2018-03-08,495.75,1.71
2018-03-09,496.7,1.71
2018-03-12,498.75,1.71
2018-03-13,492.15,1.71
2018-03-14,490.0,1.71
2018-03-15,494.0,1.7
2018-03-16,498.0,1.7
2018-03-19,491.3,1.7
2018-03-20,495.5,1.7
2018-03-21,495.4,1.7
2018-03-22,485.3,1.7
2018-03-23,480.2,1.7
2018-03-26,475.1,1.7
2018-03-27,481.2,1.7
2018-03-28,477.0,1.7
2018-03-29,484.4,1.7
2018-04-03,480.6,1.7
2018-04-04,473.65,1.7
2018-04-05,490.0,1.7
2018-04-06,490.5,1.7
2018-04-09,490.45,1.7
2018-04-10,493.5,1.7
2018-04-11,492.7,1.7
2018-04-12,494.4,1.7
2018-04-13,496.0,1.7
2018-04-16,492.0,1.7
2018-04-17,498.0,1.7
2018-04-18,499.15,1.7
2018-04-19,499.0,1.7
2018-04-20,498.0,1.7
2018-04-23,500.0,1.7
2018-04-24,504.0,1.7
2018-04-25,498.05,1.7
2018-04-26,500.1,1.7
2018-04-27,505.0,1.7
2018-04-30,507.3,1.7
2018-05-02,518.5,1.7
2018-05-04,517.4,1.7
2018-05-07,523.0,1.7
2018-05-08,525.5,1.7
2018-05-09,525.0,1.7
2018-05-10,522.9,1.7
2018-05-11,525.4,1.7
2018-05-14,526.9,1.7
2018-05-15,529.0,1.7
2018-05-16,530.8,1.7
2018-05-17,534.0,1.7
2018-05-18,534.5,1.7
2018-05-21,534.7,1.7
2018-05-22,538.0,1.7
2018-05-23,529.0,1.7
2018-05-24,526.9,1.7
2018-05-25,529.1,1.7
2018-05-28,527.3,1.7
2018-05-29,518.8,1.7
2018-05-30,521.6,1.7
2018-06-01,525.5,1.7
2018-06-04,520.0,1.7
2018-06-05,523.0,1.7
2018-06-06,519.0,1.7
2018-06-07,521.0,1.7
2018-06-08,518.7,1.7
2018-06-11,521.1,1.7
2018-06-12,519.9,1.7
2018-06-13,523.9,1.7
2018-06-14,530.6,1.7
2018-06-15,528.6,1.7
2018-06-18,521.1,1.7
2018-06-19,518.8,1.7
2018-06-20,522.7,1.7
2018-06-21,513.8,1.7
2018-06-22,515.4,1.7
2018-06-25,510.7,1.7
2018-06-26,505.0,1.7
2018-06-27,502.0,1.7
2018-06-28,506.0,1.7
2018-06-29,514.0,1.7
2018-07-02,513.0,1.7
2018-07-03,516.0,1.7
2018-07-04,511.0,1.7
2018-07-05,514.0,1.7
2018-07-06,517.7,1.7
2018-07-09,515.4,1.7
2018-07-10,518.3,1.7
2018-07-11,511.0,1.7
2018-07-12,511.5,1.7
2018-07-13,517.0,1.7
2018-07-16,514.7,1.7
2018-07-17,515.1,1.7
2018-07-18,523.0,1.7
2018-07-19,523.0,1.7
2018-07-20,514.6,1.7
2018-07-23,515.4,1.7
2018-07-24,523.1,1.7
2018-07-25,513.9,1.7
2018-07-27,523.6,1.7
2018-07-30,521.6,1.7
2018-07-31,520.0,1.7
2018-08-01,517.8,1.7
2018-08-02,510.0,1.7
2018-08-03,510.4,1.7
2018-08-06,513.0,1.7
2018-08-07,513.0,1.7
2018-08-08,512.5,1.7
2018-08-09,513.3,1.7
2018-08-10,505.6,1.7
2018-08-13,505.0,1.7
2018-08-14,505.4,1.7
2018-08-16,500.8,1.7
2018-08-17,497.95,1.7
2018-08-20,504.6,1.71
2018-08-21,507.0,1.71
2018-08-22,504.7,1.71
2018-08-23,505.9,1.71
2018-08-24,504.5,1.71
2018-08-27,507.0,1.71
2018-08-28,511.2,1.71
2018-08-29,511.3,1.71
2018-08-30,510.6,1.71
2018-08-31,505.2,1.71
2018-09-03,503.9,1.71
2018-09-04,501.7,1.71
2018-09-05,496.55,1.71
2018-09-06,492.0,1.71
2018-09-07,488.9,1.71
2018-09-10,492.15,1.71
2018-09-11,488.0,1.71
2018-09-12,491.0,1.71
2018-09-13,495.25,1.71
2018-09-14,495.0,1.71
2018-09-17,492.5,1.72
2018-09-18,494.0,1.72
2018-09-19,497.0,1.72
2018-09-20,490.1,1.72
2018-09-21,505.9,1.72
2018-09-24,512.0,1.72
2018-09-25,512.0,1.72
2018-09-26,522.8,1.72
2018-09-27,505.9,1.72
2018-09-28,496.6,1.72
2018-10-01,510.0,1.72
2018-10-02,509.6,1.72
2018-10-03,511.0,1.72
2018-10-04,501.1,1.72
2018-10-05,496.0,1.72
2018-10-08,490.0,1.72
2018-10-09,491.8,1.72
2018-10-10,484.0,1.72
2018-10-11,478.3,1.72
2018-10-12,471.0,1.72
2018-10-15,473.2,1.72
2018-10-16,478.0,1.72
2018-10-17,477.4,1.72
2018-10-18,477.1,1.72
2018-10-19,473.5,1.72
2018-10-22,471.0,1.72
2018-10-23,458.5,1.72
2018-10-24,463.9,1.72
2018-10-25,460.85,1.72
2018-10-26,451.7,1.72
2018-10-29,468.1,1.72
2018-10-30,461.0,1.72
2018-10-31,473.0,1.72
2018-11-02,473.35,1.72
2018-11-05,473.25,1.72
2018-11-06,470.0,1.72
2018-11-07,472.0,1.72
2018-11-08,469.35,1.72
2018-11-09,470.2,1.72
2018-11-13,465.5,1.72
2018-11-14,468.4,1.72
2018-11-15,460.0,1.72
2018-11-16,462.5,1.72
2018-11-19,465.55,1.72
2018-11-20,455.9,1.72
2018-11-21,456.0,1.72
2018-11-22,456.1,1.72
2018-11-23,455.0,1.72
2018-11-26,463.0,1.72
2018-11-27,461.35,1.72
2018-11-28,461.5,1.72
2018-11-29,462.0,1.72
2018-11-30,460.75,1.72
2018-12-03,467.5,1.72
2018-12-04,460.05,1.72
2018-12-05,457.95,1.72
2018-12-06,442.0,1.72
2018-12-07,440.6,1.72
2018-12-10,435.4,1.72
2018-12-11,441.0,1.72
2018-12-12,447.15,1.72
2018-12-13,445.7,1.72
2018-12-14,444.9,1.72
2018-12-17,438.4,1.72
2018-12-18,438.4,1.72
2018-12-19,440.0,1.72
2018-12-20,432.95,1.72
2018-12-21,434.25,1.72
2018-12-27,420.65,1.72
2018-12-28,433.1,1.72
2019-01-02,430.0,1.72
2019-01-03,425.6,1.72
2019-01-04,437.35,1.72
2019-01-07,437.0,1.72
2019-01-08,442.9,1.72
2019-01-09,444.5,1.72
2019-01-10,442.25,1.72
2019-01-11,443.0,1.72
2019-01-14,441.85,1.72
2019-01-15,442.15,1.72
2019-01-16,443.45,1.72
2019-01-17,443.65,1.72
2019-01-18,456.0,1.72
2019-01-21,454.3,1.72
2019-01-22,450.0,1.72
2019-01-23,452.9,1.72
2019-01-24,452.2,1.72
2019-01-25,459.3,1.72
2019-01-28,457.0,1.72
2019-01-29,457.0,1.72
2019-01-30,452.4,1.72
2019-01-31,450.0,1.72
2019-02-01,453.0,1.72
2019-02-04,453.0,1.72
2019-02-05,461.0,1.72
2019-02-06,462.0,1.72
2019-02-07,453.8,1.72
2019-02-08,448.15,1.72
2019-02-11,452.0,1.72
2019-02-12,457.95,1.72
2019-02-13,460.75,1.72
2019-02-14,457.5,1.72
2019-02-15,463.0,1.72
2019-02-18,462.85,1.72
2019-02-19,463.5,1.72
2019-02-20,469.2,1.72
2019-02-21,470.35,1.72
2019-02-22,471.9,1.72
2019-02-25,472.55,1.72
2019-02-26,473.0,1.72
2019-02-27,470.3,1.72
2019-02-28,470.2,1.72
2019-03-01,475.1,1.72
2019-03-04,475.0,1.72
2019-03-05,473.0,1.72
2019-03-06,473.0,1.72
2019-03-07,469.0,1.72
2019-03-08,465.45,1.72
2019-03-11,469.45,1.72
2019-03-12,470.0,1.72
2019-03-13,470.0,1.72
2019-03-14,473.65,1.72
2019-03-15,476.15,1.72
2019-03-18,475.0,1.72
2019-03-19,479.0,1.72
2019-03-20,470.7,1.72
2019-03-21,471.25,1.72
2019-03-22,466.4,1.72
2019-03-25,462.85,1.72
2019-03-26,465.5,1.72
2019-03-27,463.0,1.72
2019-03-28,466.85,1.72
2019-03-29,469.9,1.72
2019-04-01,475.7,1.72
2019-04-02,479.15,1.72
2019-04-03,485.0,1.72
2019-04-04,488.4,1.72
2019-04-05,487.5,1.72
2019-04-08,486.6,1.72
2019-04-09,481.25,1.72
2019-04-10,484.45,1.72
2019-04-11,485.85,1.72
2019-04-12,487.0,1.72
2019-04-15,487.4,1.72
2019-04-16,490.0,1.72
2019-04-17,493.35,1.72
2019-04-18,496.0,1.72
2019-04-23,496.7,1.72
2019-04-24,498.0,1.72
2019-04-25,499.7,1.72
2019-04-26,500.2,1.72
2019-04-29,501.5,1.72
2019-04-30,499.8,1.72
2019-05-02,502.3,1.72
2019-05-06,495.85,1.72
2019-05-07,491.45,1.72
2019-05-08,492.85,1.72
2019-05-09,486.95,1.72
2019-05-10,491.15,1.72
2019-05-13,483.5,1.72
2019-05-14,485.9,1.72
2019-05-15,492.0,1.72
2019-05-16,499.0,1.72
2019-05-17,497.0,1.72
2019-05-20,489.75,1.72
2019-05-21,494.0,1.72
2019-05-22,494.0,1.72
2019-05-23,487.2,1.72
2019-05-24,490.0,1.72
2019-05-27,489.85,1.72
2019-05-28,488.35,1.72
2019-05-29,482.1,1.72
2019-05-30,481.4,1.72
2019-05-31,475.0,1.72
2019-06-03,475.55,1.72
2019-06-04,483.9,1.72
2019-06-06,488.05,1.72
2019-06-07,485.0,1.72
2019-06-10,486.8,1.72
2019-06-11,492.1,1.72
2019-06-12,488.25,1.72
2019-06-13,490.3,1.72
2019-06-14,486.9,1.72
2019-06-17,486.25,1.72
2019-06-18,494.4,1.72
2019-06-19,496.5,1.72
2019-06-21,495.25,1.72
2019-06-24,493.95,1.72
2019-06-25,492.9,1.72
2019-06-26,492.9,1.72
2019-06-27,494.9,1.72
2019-06-28,495.6,1.72
2019-07-01,502.0,1.72
2019-07-02,502.4,1.72
2019-07-03,505.7,1.72
2019-07-04,506.0,1.72
2019-07-05,503.8,1.72
2019-07-08,503.0,1.72
2019-07-09,501.9,1.72
2019-07-10,501.0,1.72
2019-07-11,499.3,1.72
2019-07-12,497.1,1.72
2019-07-15,499.5,1.72
2019-07-16,500.8,1.72
2019-07-17,497.1,1.72
2019-07-18,494.6,1.72
2019-07-19,495.4,1.72
2019-07-22,493.0,1.72
2019-07-23,502.6,1.72
2019-07-24,503.3,1.72
2019-07-25,500.0,1.72
2019-07-26,501.0,1.72
2019-07-29,501.3,1.72
2019-07-30,493.35,1.72
2019-07-31,496.25,1.72
2019-08-01,497.0,1.72
2019-08-02,482.65,1.72
2019-08-05,476.45,1.72
2019-08-06,474.65,1.72
2019-08-07,475.85,1.72
2019-08-08,481.3,1.72
2019-08-09,477.75,1.72
2019-08-12,477.85,1.72
2019-08-13,482.5,1.72
2019-08-14,479.9,1.72
2019-08-16,474.55,1.72
2019-08-19,483.65,1.72
2019-08-20,479.25,1.72
2019-08-21,485.0,1.72
2019-08-22,499.9,1.72
2019-08-23,485.5,1.72
2019-08-26,480.0,1.72
2019-08-27,485.0,1.72
2019-08-28,481.5,1.72
2019-08-29,488.6,1.72
2019-08-30,493.8,1.72
2019-09-02,492.0,1.72
2019-09-03,491.5,1.72
2019-09-04,492.95,1.72
2019-09-05,497.5,1.72
2019-09-06,498.05,1.72
2019-09-09,501.0,1.72
2019-09-10,503.0,1.72
2019-09-11,505.8,1.72
2019-09-12,508.8,1.72
2019-09-13,509.0,1.72
2019-09-16,507.5,1.72
2019-09-17,505.6,1.72
2019-09-18,507.0,1.72
2019-09-19,510.0,1.72
2019-09-20,515.0,1.72
2019-09-23,509.8,1.72
2019-09-24,510.6,1.72
2019-09-25,505.8,1.72
2019-09-26,509.3,1.72
2019-09-27,512.0,1.72
2019-09-30,513.2,1.72
2019-10-01,510.3,1.72
2019-10-02,494.85,1.72
2019-10-03,489.75,1.72
2019-10-04,489.1,1.72
2019-10-07,493.8,1.72
2019-10-08,489.75,1.72
2019-10-09,494.45,1.72
2019-10-10,493.65,1.72
2019-10-11,506.0,1.72
2019-10-14,504.6,1.71
2019-10-15,513.0,1.71
2019-10-16,513.0,1.71
2019-10-17,512.8,1.71
2019-10-18,512.9,1.71
2019-10-21,515.3,1.71
2019-10-22,514.7,1.71
2019-10-23,514.0,1.72
2019-10-24,519.5,1.72
2019-10-25,519.8,1.72
2019-10-28,524.0,1.72
2019-10-29,520.1,1.71
2019-10-30,519.6,1.71
2019-10-31,519.4,1.71
2019-11-04,528.4,1.71
2019-11-05,529.0,1.71
2019-11-06,530.2,1.71
2019-11-07,534.9,1.71
2019-11-08,532.0,1.71
2019-11-12,536.0,1.71
2019-11-13,536.5,1.71
2019-11-14,534.5,1.71
2019-11-15,532.7,1.71
2019-11-18,533.0,1.71
2019-11-19,540.9,1.71
2019-11-20,533.3,1.71
2019-11-21,533.5,1.71
2019-11-22,535.5,1.71
2019-11-25,537.4,1.71
2019-11-26,537.9,1.71
2019-11-27,539.0,1.71
2019-11-28,540.5,1.71
2019-11-29,540.3,1.71
2019-12-02,538.0,1.71
2019-12-03,526.0,1.71
2019-12-04,531.3,1.71
2019-12-05,529.1,1.71
2019-12-06,532.5,1.7
2019-12-09,532.2,1.7
2019-12-10,527.0,1.7
2019-12-11,533.4,1.7
2019-12-12,535.2,1.7
2019-12-13,536.7,1.7
2019-12-16,539.6,1.7
2019-12-17,536.5,1.7
2019-12-18,534.8,1.7
2019-12-19,529.5,1.7
2019-12-20,534.5,1.7
2019-12-23,535.4,1.71
2019-12-27,536.0,1.71
2019-12-30,529.2,1.71
2020-01-02,537.4,1.71
2020-01-03,529.0,1.71
2020-01-07,530.1,1.71
2020-01-08,533.2,1.71
2020-01-09,541.0,1.71
2020-01-10,540.7,1.71
2020-01-13,539.1,1.71
2020-01-14,536.8,1.71
2020-01-15,536.1,1.71
2020-01-16,537.0,1.71
2020-01-17,540.9,1.71
2020-01-20,542.9,1.71
2020-01-21,541.0,1.71
2020-01-22,543.0,1.71
2020-01-23,538.0,1.71
2020-01-24,546.0,1.71
2020-01-27,534.8,1.71
2020-01-28,536.5,1.71
2020-01-29,539.5,1.71
2020-01-30,533.1,1.71
2020-01-31,529.0,1.71
2020-02-03,527.9,1.71
2020-02-04,534.4,1.71
2020-02-05,539.8,1.71
2020-02-06,543.9,1.71
2020-02-07,544.0,1.71
2020-02-10,543.0,1.71
2020-02-11,548.6,1.71
2020-02-12,551.5,1.71
2020-02-13,550.0,1.71
2020-02-14,551.4,1.71
2020-02-17,553.0,1.71
2020-02-18,552.8,1.71
2020-02-19,554.7,1.71
2020-02-20,556.8,1.71
2020-02-21,548.0,1.71
2020-02-24,530.7,1.71
2020-02-25,521.2,1.71
2020-02-26,518.5,1.71
2020-02-27,502.2,1.71
2020-02-28,482.0,1.71
2020-03-02,481.7,1.71
2020-03-03,490.95,1.7
2020-03-04,489.6,1.7
2020-03-05,483.0,1.7
2020-03-06,467.1,1.7
2020-03-09,436.9,1.7
2020-03-10,429.2,1.69
2020-03-11,425.85,1.69
2020-03-12,385.0,1.69
2020-03-13,391.0,1.69
2020-03-16,372.25,1.6
2020-03-17,372.6,1.5
2020-03-18,370.0,1.22
2020-03-19,372.5,1.19
2020-03-20,385.8,1.18
2020-03-23,381.0,1.18
2020-03-24,416.5,1.17
2020-03-25,421.6,1.17
2020-03-26,424.0,1.17
2020-03-27,410.0,1.17
2020-03-30,417.75,1.17
2020-03-31,424.9,1.17
2020-04-01,416.4,1.17
2020-04-02,416.55,1.17
2020-04-03,410.5,1.17
2020-04-06,433.8,1.17
2020-04-07,441.4,1.17
2020-04-08,440.5,1.17
2020-04-09,452.3,0.71
2020-04-14,461.65,0.7
2020-04-15,442.5,0.7
2020-04-16,441.2,0.7
2020-04-17,452.85,0.7
2020-04-20,455.0,0.7
2020-04-21,441.95,0.7
2020-04-22,444.0,0.7
2020-04-23,452.6,0.69
2020-04-24,445.25,0.69
2020-04-27,452.65,0.69
2020-04-28,460.0,0.69
2020-04-29,472.05,0.69
2020-04-30,464.4,0.68
2020-05-04,454.5,0.68
2020-05-05,457.95,0.68
2020-05-06,457.6,0.68
2020-05-07,460.95,0.68
2020-05-08,466.25,0.68
2020-05-11,464.5,0.68
2020-05-12,465.0,0.68
2020-05-13,457.0,0.68
2020-05-14,443.9,0.68
2020-05-15,451.05,0.68
2020-05-18,471.2,0.68
2020-05-19,471.7,0.68
2020-05-20,479.55,0.68
2020-05-21,473.5,0.68
2020-05-22,470.3,0.68
2020-05-25,481.5,0.68
2020-05-26,481.45,0.68
2020-05-27,485.0,0.68
2020-05-28,493.2,0.68
2020-05-29,486.6,0.28
2020-06-01,490.9,0.28
2020-06-02,496.1,0.28
2020-06-03,515.3,0.27
2020-06-04,519.0,0.27
2020-06-05,532.4,0.27
2020-06-08,533.0,0.27
2020-06-09,528.0,0.27
2020-06-10,525.9,0.27
2020-06-12,501.7,0.27
2020-06-15,498.6,0.27
2020-06-16,511.1,0.27
2020-06-17,519.8,0.27
2020-06-18,514.7,0.27
2020-06-19,520.2,0.27
2020-06-22,511.4,0.27
2020-06-23,524.5,0.27
2020-06-24,510.5,0.26
2020-06-25,512.9,0.26
2020-06-26,508.0,0.26
2020-06-29,512.4,0.26
2020-06-30,513.1,0.26
2020-07-01,514.5,0.26
2020-07-02,531.9,0.26
2020-07-03,525.0,0.26
2020-07-06,534.4,0.26
2020-07-07,530.0,0.26
2020-07-08,529.4,0.26
2020-07-09,526.0,0.26
2020-07-10,530.0,0.26
2020-07-13,536.4,0.26
2020-07-14,532.1,0.25
2020-07-15,545.0,0.25
2020-07-16,542.5,0.25
2020-07-17,543.8,0.25
2020-07-20,546.5,0.25
2020-07-21,550.0,0.25
2020-07-22,545.1,0.25
2020-07-23,542.6,0.25
2020-07-24,533.0,0.25
2020-07-27,531.6,0.24
2020-07-28,531.3,0.24
2020-07-29,532.8,0.24
2020-07-30,511.2,0.23
2020-07-31,512.0,0.23
2020-08-03,525.7,0.23
2020-08-04,520.6,0.23
2020-08-05,523.4,0.23
2020-08-06,524.1,0.23
2020-08-07,524.0,0.23
2020-08-10,525.0,0.23
2020-08-11,533.5,0.23
2020-08-12,541.7,0.23
2020-08-13,535.7,0.23
2020-08-14,532.5,0.23
2020-08-17,535.0,0.23
2020-08-18,529.1,0.23
2020-08-19,535.0,0.23
2020-08-20,528.1,0.23
2020-08-21,526.9,0.23
2020-08-24,538.6,0.23
2020-08-25,543.0,0.23
2020-08-26,544.1,0.23
2020-08-27,544.5,0.23
2020-08-28,537.5,0.23
2020-08-31,538.0,0.23
2020-09-01,534.8,0.23
2020-09-02,549.4,0.23
2020-09-03,550.0,0.23
2020-09-04,536.5,0.23
2020-09-07,547.0,0.23
2020-09-08,540.5,0.23
2020-09-09,552.9,0.23
2020-09-10,552.8,0.23
2020-09-11,550.0,0.23
2020-09-14,549.8,0.23
2020-09-15,552.6,0.23
2020-09-16,552.0,0.23
2020-09-17,552.4,0.23
2020-09-18,555.0,0.23
2020-09-21,529.0,0.22
2020-09-22,533.0,0.22
2020-09-23,537.5,0.22
2020-09-24,538.2,0.22
2020-09-25,532.4,0.22
2020-09-28,552.3,0.22
2020-09-29,546.0,0.22
2020-09-30,547.4,0.22
2020-10-01,535.4,0.22
2020-10-02,533.5,0.22
2020-10-05,539.6,0.22
2020-10-06,543.0,0.22
2020-10-07,541.9,0.22
2020-10-08,550.7,0.22
2020-10-09,545.5,0.22
2020-10-12,552.0,0.22
2020-10-13,547.2,0.22
2020-10-14,550.0,0.22
2020-10-15,540.1,0.22
2020-10-16,554.7,0.22
2020-10-19,554.0,0.22
2020-10-20,549.2,0.22
2020-10-21,541.9,0.22
2020-10-22,537.0,0.22
2020-10-23,544.7,0.22
2020-10-26,525.0,0.22
2020-10-29,503.5,0.22
2020-10-30,500.0,0.22
2020-11-02,508.9,0.22
2020-11-03,516.6,0.22
2020-11-04,525.2,0.22
2020-11-05,533.9,0.22
2020-11-06,529.9,0.22
2020-11-09,551.9,0.22
2020-11-10,557.1,0.22
2020-11-12,549.0,0.22
2020-11-13,553.0,0.22
2020-11-16,554.4,0.22
2020-11-17,554.9,0.22
2020-11-18,553.0,0.22
2020-11-19,550.4,0.22
2020-11-20,550.9,0.22
2020-11-23,555.0,0.22
2020-11-24,558.3,0.22
2020-11-25,557.0,0.22
2020-11-26,560.1,0.22
2020-11-27,562.6,0.22
2020-11-30,563.2,0.22
2020-12-01,561.0,0.22
2020-12-02,562.3,0.22
2020-12-03,557.7,0.22
2020-12-04,557.8,0.22
2020-12-07,556.8,0.22
2020-12-08,554.5,0.22
2020-12-09,556.7,0.22
2020-12-10,552.0,0.22
2020-12-11,546.9,0.22
2020-12-14,550.5,0.21
2020-12-15,555.2,0.21
2020-12-16,566.0,0.21
2020-12-17,569.9,0.21
2020-12-18,575.0,0.21
2020-12-21,557.9,0.21
2020-12-22,568.1,0.21
2020-12-23,572.8,0.21
2020-12-28,581.4,0.21
2020-12-29,588.3,0.21
2020-12-30,600.0,0.21
2021-01-04,586.1,0.21
2021-01-05,581.0,0.21
2021-01-07,591.4,0.21
2021-01-08,595.1,0.21
2021-01-11,592.3,0.21
2021-01-12,593.2,0.21
2021-01-13,593.2,0.21
2021-01-14,598.1,0.21
2021-01-15,586.7,0.21
2021-01-18,589.1,0.21
2021-01-19,589.1,0.21
2021-01-20,593.1,0.21
2021-01-21,591.6,0.21
2021-01-22,590.4,0.21
2021-01-25,582.4,0.21
2021-01-26,594.4,0.21
2021-01-27,582.1,0.21
2021-01-28,582.2,0.21
2021-01-29,576.1,0.21
2021-02-01,576.5,0.21
2021-02-02,581.0,0.21
2021-02-03,586.0,0.21
2021-02-04,592.8,0.21
2021-02-05,592.6,0.21
2021-02-08,593.0,0.21
2021-02-09,589.4,0.21
2021-02-10,589.0,0.21
2021-02-11,594.1,0.21
2021-02-12,595.0,0.21
2021-02-15,594.5,0.21
2021-02-16,594.7,0.21
2021-02-17,588.8,0.21
2021-02-18,586.0,0.21
2021-02-19,589.6,0.21
2021-02-22,588.0,0.21
2021-02-23,584.1,0.21
2021-02-24,590.9,0.21
2021-02-25,588.6,0.21
2021-02-26,585.5,0.21
2021-03-01,595.0,0.21
2021-03-02,599.0,0.21
2021-03-03,599.3,0.21
2021-03-04,600.5,0.21
2021-03-05,603.6,0.21
2021-03-08,621.6,0.21
2021-03-09,620.9,0.21
2021-03-10,625.0,0.21
2021-03-11,625.9,0.21
2021-03-12,625.0,0.21
2021-03-15,621.8,0.21
2021-03-16,629.3,0.21
2021-03-17,630.0,0.21
2021-03-18,640.3,0.21
2021-03-19,633.7,0.21
2021-03-22,632.0,0.21
2021-03-23,637.3,0.21
2021-03-24,634.1,0.21
2021-03-25,634.3,0.21
2021-03-26,640.1,0.21
2021-03-29,648.1,0.21
2021-03-30,655.7,0.21
2021-03-31,658.5,0.21
2021-04-01,663.0,0.21
2021-04-06,656.1,0.21
2021-04-07,650.8,0.21
2021-04-08,645.1,0.21
2021-04-09,649.5,0.21
2021-04-12,648.8,0.21
2021-04-13,654.3,0.21
2021-04-14,651.1,0.21
2021-04-15,653.0,0.21
2021-04-16,659.2,0.21
2021-04-19,657.2,0.21
2021-04-20,647.1,0.21
2021-04-21,650.9,0.21
2021-04-22,655.0,0.21
2021-04-23,653.6,0.21
2021-04-26,655.8,0.21
2021-04-27,653.4,0.21
2021-04-28,658.9,0.21
2021-04-29,647.0,0.21
2021-04-30,650.1,0.21
2021-05-04,636.4,0.21
2021-05-05,649.9,0.21
2021-05-06,649.8,0.21
2021-05-07,657.2,0.21
2021-05-10,657.0,0.21
2021-05-11,642.6,0.21
2021-05-12,648.0,0.21
2021-05-13,644.8,0.21
2021-05-14,651.0,0.21
2021-05-17,653.5,0.21
2021-05-18,652.4,0.21
2021-05-19,638.7,0.21
2021-05-20,645.5,0.21
2021-05-21,649.1,0.21
2021-05-24,653.7,0.21
2021-05-25,650.0,0.21
2021-05-26,648.1,0.21
2021-05-27,650.8,0.21
2021-05-28,652.7,0.21
2021-05-31,648.8,0.21
2021-06-01,653.6,0.21
2021-06-02,651.5,0.21
2021-06-04,654.6,0.21
2021-06-07,656.4,0.21
2021-06-08,656.4,0.21
2021-06-09,650.0,0.21
2021-06-10,651.6,0.21
2021-06-11,657.5,0.21
2021-06-14,665.0,0.21
2021-06-15,665.0,0.21
2021-06-16,662.7,0.21
2021-06-17,670.0,0.21
2021-06-18,658.6,0.21
2021-06-21,662.1,0.21
2021-06-22,660.0,0.21
2021-06-23,659.4,0.21
2021-06-24,661.0,0.21
2021-06-25,663.1,0.21
2021-06-28,656.4,0.21
2021-06-29,663.0,0.21
2021-06-30,658.1,0.21
2021-07-01,658.0,0.21
2021-07-02,664.0,0.21
2021-07-05,661.3,0.21
2021-07-06,654.0,0.21
2021-07-07,664.1,0.21
2021-07-08,651.7,0.21
2021-07-09,665.0,0.21
2021-07-12,673.1,0.21
2021-07-13,675.0,0.21
2021-07-14,677.1,0.21
2021-07-15,670.0,0.21
2021-07-16,665.0,0.21
2021-07-19,649.0,0.21
2021-07-20,656.0,0.21
2021-07-21,662.7,0.21
2021-07-22,664.0,0.21
2021-07-23,670.8,0.21
2021-07-26,672.0,0.21
2021-07-27,668.0,0.21
2021-07-28,670.2,0.21
2021-07-29,668.7,0.21
2021-07-30,666.0,0.21
2021-08-02,665.5,0.21
2021-08-03,659.0,0.21
2021-08-04,667.5,0.21
2021-08-05,670.0,0.21
2021-08-06,674.0,0.21
2021-08-09,673.9,0.21
2021-08-10,676.6,0.21
2021-08-11,679.0,0.21
2021-08-12,683.9,0.21
2021-08-13,684.3,0.21
2021-08-16,678.7,0.21
2021-08-17,678.8,0.21
2021-08-18,679.1,0.21
2021-08-19,675.6,0.21
2021-08-20,678.5,0.21
2021-08-23,680.0,0.21
2021-08-24,681.9,0.21
2021-08-25,681.3,0.21
2021-08-26,677.0,0.21
2021-08-27,678.3,0.21
2021-08-30,678.0,0.22
2021-08-31,668.1,0.23
2021-09-01,667.9,0.23
2021-09-02,669.0,0.24
2021-09-03,663.9,0.24
2021-09-06,676.4,0.24
2021-09-07,668.0,0.24
2021-09-08,659.1,0.24
2021-09-09,664.8,0.24
2021-09-10,663.6,0.24
2021-09-13,672.0,0.24
2021-09-14,672.0,0.24
2021-09-15,668.0,0.24
2021-09-16,672.4,0.24
2021-09-17,666.7,0.24
2021-09-20,651.0,0.24
2021-09-21,664.0,0.24
2021-09-22,669.0,0.24
2021-09-23,674.0,0.24
2021-09-24,667.5,0.24
2021-09-27,670.0,0.24
2021-09-28,662.8,0.24
2021-09-29,667.6,0.24
2021-09-30,657.4,0.23
2021-10-01,649.9,0.24
2021-10-04,645.0,0.25
2021-10-05,654.0,0.25
2021-10-06,640.1,0.25
2021-10-07,650.5,0.63
2021-10-08,657.4,0.65
2021-10-11,652.4,0.66
2021-10-12,649.0,0.67
2021-10-13,653.0,0.68
2021-10-14,660.0,0.68
2021-10-15,665.0,0.69
2021-10-18,663.4,0.69
2021-10-19,665.8,0.69
2021-10-20,667.0,0.7
2021-10-21,668.0,0.7
2021-10-22,669.3,0.7
2021-10-25,671.3,0.7
2021-10-26,678.0,0.71
2021-10-27,679.6,0.72
2021-10-28,675.5,0.72
2021-10-29,676.1,0.74
2021-11-02,687.2,0.78
2021-11-03,684.4,0.84
2021-11-04,690.0,1.26
2021-11-05,691.1,1.56
2021-11-08,688.0,1.55
2021-11-09,692.0,1.57
2021-11-10,692.8,1.58
2021-11-12,697.5,1.61
2021-11-15,700.0,1.62
2021-11-16,706.9,1.64
2021-11-17,708.0,1.65
2021-11-18,707.4,1.66
2021-11-19,709.8,1.69
2021-11-22,712.2,1.68
2021-11-23,701.0,1.7
2021-11-24,694.5,1.72
2021-11-25,694.0,1.82
2021-11-26,678.1,1.91
2021-11-29,670.1,1.99
2021-11-30,665.6,2.06
2021-12-01,667.0,2.11
2021-12-02,657.2,2.18
2021-12-03,651.1,2.21
2021-12-06,661.6,2.24
2021-12-07,677.0,2.26
2021-12-08,674.0,2.27
2021-12-09,674.4,2.27
2021-12-10,675.2,2.3
2021-12-13,676.7,2.31
2021-12-14,669.8,2.32
2021-12-15,668.0,2.33
2021-12-16,695.0,2.35
2021-12-17,672.5,2.35
2021-12-20,660.0,2.37
2021-12-21,668.2,2.4
2021-12-22,674.0,2.4
2021-12-23,683.0,2.41
2021-12-27,681.0,2.48
2021-12-28,686.0,2.51
2021-12-29,680.2,2.5
2021-12-30,684.2,2.51
2022-01-03,688.3,2.56
2022-01-04,690.0,2.59
2022-01-05,695.0,2.62
2022-01-07,675.4,2.63
2022-01-10,669.5,2.69
2022-01-11,677.2,2.72
2022-01-12,679.1,2.74
2022-01-13,679.3,2.75
2022-01-14,675.4,2.77
2022-01-17,673.0,2.79
2022-01-18,671.8,2.8
2022-01-19,668.0,2.81
2022-01-20,667.5,2.83
2022-01-21,660.0,2.85
2022-01-24,642.2,2.89
2022-01-25,648.9,2.91
2022-01-26,663.0,2.94
2022-01-27,660.0,2.96
2022-01-28,652.9,2.99
2022-01-31,661.1,3.02
2022-02-01,667.8,3.04
2022-02-02,665.5,3.06
2022-02-03,653.6,3.1
2022-02-04,644.7,3.11
2022-02-07,646.0,3.13
2022-02-08,643.1,3.17
2022-02-09,652.1,3.23
2022-02-10,653.0,3.28
2022-02-11,652.3,3.3
2022-02-14,637.0,3.32
2022-02-15,647.9,3.38
2022-02-16,646.7,3.39
2022-02-17,645.0,3.43
2022-02-18,641.3,3.44
2022-02-21,626.0,3.47
2022-02-22,626.7,3.48
2022-02-23,623.1,3.5
2022-02-24,615.0,3.55
2022-02-25,622.0,3.59
2022-02-28,628.0,3.65
2022-03-01,624.0,3.67
2022-03-02,637.0,3.69
2022-03-03,617.0,3.73
2022-03-04,619.9,3.78
2022-03-07,610.0,3.81
2022-03-08,591.5,3.91
2022-03-09,611.7,4.03
2022-03-10,604.5,4.18
2022-03-11,614.5,4.22
2022-03-14,618.7,4.3
2022-03-15,615.1,4.33
2022-03-16,629.7,4.35
2022-03-17,626.0,4.37
2022-03-18,630.3,4.4
2022-03-21,630.0,4.43
2022-03-22,633.7,4.46
2022-03-23,628.7,4.48
2022-03-24,634.6,4.52
2022-03-25,631.0,4.6
2022-03-28,637.9,4.66
2022-03-29,641.0,4.72
2022-03-30,634.9,4.74
2022-03-31,627.0,4.77
2022-04-01,626.5,4.84
2022-04-04,626.5,4.88
2022-04-05,625.8,4.9
2022-04-06,611.1,4.92
2022-04-07,615.0,5.26
2022-04-08,616.7,5.32
2022-04-11,615.3,5.37
2022-04-12,612.7,5.43
2022-04-13,608.3,5.47
2022-04-14,614.2,5.51
2022-04-19,615.0,5.57
2022-04-20,620.5,5.65
2022-04-21,629.2,5.68
2022-04-22,616.6,5.74
2022-04-25,605.7,5.79
2022-04-26,605.9,5.84
2022-04-27,606.0,5.88
2022-04-28,610.2,5.95
2022-04-29,614.0,6.05
2022-05-02,611.0,6.14
2022-05-04,610.6,6.24
2022-05-05,612.5,6.34
2022-05-06,595.5,6.33
2022-05-09,579.0,6.31
2022-05-10,595.3,6.36
2022-05-11,588.9,6.39
2022-05-12,595.8,6.4
2022-05-13,611.3,6.41
2022-05-16,601.8,6.42
2022-05-17,613.0,6.44
2022-05-18,608.1,6.45
2022-05-19,599.0,6.45
2022-05-20,608.2,6.46
2022-05-23,602.5,6.48
2022-05-24,596.9,6.5
2022-05-25,603.6,6.51
2022-05-26,608.7,6.53
2022-05-27,611.9,6.54
2022-05-30,621.0,6.56
2022-05-31,613.4,6.59
2022-06-01,614.7,6.61
2022-06-02,616.3,6.64
2022-06-03,618.0,6.66
2022-06-06,625.2,6.7
2022-06-07,618.9,6.72
2022-06-08,615.4,6.74
2022-06-09,607.3,6.76
2022-06-10,592.0,6.77
2022-06-13,580.0,6.78
2022-06-14,579.9,6.81
2022-06-15,589.8,6.84
2022-06-17,573.5,6.88
2022-06-20,571.1,6.91
2022-06-21,575.3,6.94
2022-06-22,575.0,6.97
2022-06-23,566.8,6.98
2022-06-24,574.9,6.98
2022-06-27,573.7,7.0
2022-06-28,580.0,7.03
2022-06-29,567.5,7.05
2022-06-30,555.6,7.05
2022-07-01,563.0,7.05
2022-07-04,559.8,7.08
2022-07-05,555.1,7.1
2022-07-06,563.1,7.12
2022-07-07,567.5,7.14
2022-07-08,578.0,7.08
2022-07-11,575.9,7.0
2022-07-12,575.2,6.99
2022-07-13,584.0,6.99
2022-07-14,559.7,7.0
2022-07-15,578.0,7.0
2022-07-18,577.0,7.0
2022-07-19,584.0,7.01
2022-07-20,584.2,7.0
2022-07-21,581.7,7.0
2022-07-22,587.8,7.0
2022-07-25,580.7,7.0
2022-07-26,576.8,7.0
2022-07-27,592.0,7.0
2022-07-28,589.6,7.01
2022-07-29,593.3,7.01
2022-08-01,591.3,7.01
2022-08-02,588.0,7.01
2022-08-03,586.0,7.01
2022-08-04,601.0,7.02
2022-08-05,598.1,7.02
2022-08-08,601.0,7.03
2022-08-09,592.7,7.03
2022-08-10,595.3,7.03
2022-08-11,598.9,7.03
2022-08-12,598.5,7.03
2022-08-16,605.3,7.02
2022-08-17,600.0,7.03
2022-08-18,599.0,7.04
2022-08-19,601.0,7.04
2022-08-22,586.5,7.06
2022-08-23,587.0,7.05
2022-08-24,586.9,7.06
2022-08-25,588.5,7.06
2022-08-26,579.0,7.07
2022-08-29,568.0,7.08
2022-08-30,580.0,7.1
2022-08-31,568.3,7.11
2022-09-01,554.4,7.14
2022-09-02,566.2,7.15
2022-09-05,559.0,7.16
2022-09-06,567.0,7.16
2022-09-07,566.4,7.16
2022-09-08,562.2,7.16
2022-09-09,572.0,7.15
2022-09-12,580.5,7.15
2022-09-13,580.5,7.15
2022-09-14,570.0,7.15
2022-09-15,569.0,7.15
2022-09-16,559.4,7.15
2022-09-19,555.0,7.15
2022-09-20,555.4,7.14
2022-09-21,561.8,7.15
2022-09-22,563.0,7.14
2022-09-23,542.7,7.15
2022-09-26,546.0,7.16
2022-09-27,540.0,7.16
2022-09-28,545.0,7.17
2022-09-29,539.3,7.18
2022-09-30,542.9,7.21
2022-10-03,545.0,7.28
2022-10-04,562.4,7.31
2022-10-05,559.5,7.33
2022-10-06,564.3,7.25
2022-10-07,557.1,7.19
2022-10-10,555.6,7.19
2022-10-11,552.5,7.2
2022-10-12,552.0,7.21
2022-10-13,549.0,7.28
2022-10-14,565.0,7.31
2022-10-17,565.0,7.33
2022-10-18,576.3,7.34
2022-10-19,569.0,7.36
2022-10-20,564.4,7.4
2022-10-21,557.6,7.43
2022-10-24,573.0,7.44
2022-10-25,572.0,7.45
2022-10-26,579.0,7.43
2022-10-27,581.0,7.46
2022-10-28,580.0,7.48
2022-10-31,582.5,7.51
2022-11-02,581.6,7.53
2022-11-03,572.9,7.56
2022-11-04,588.9,7.59
2022-11-07,589.5,7.61
2022-11-08,595.0,7.59
2022-11-09,596.1,7.59
2022-11-10,614.4,7.5
2022-11-14,629.0,7.42
2022-11-15,628.5,7.42
2022-11-16,622.3,7.4
2022-11-17,621.5,7.39
2022-11-18,629.0,7.4
2022-11-21,628.4,7.37
2022-11-22,630.0,7.36
2022-11-23,628.9,7.34
2022-11-24,633.1,7.32
2022-11-25,631.0,7.31
2022-11-28,625.4,7.3
2022-11-29,625.0,7.31
2022-11-30,624.0,7.28
2022-12-01,631.0,7.25
2022-12-02,630.0,7.24
2022-12-05,630.0,7.22
2022-12-06,627.1,7.2
2022-12-07,622.6,7.19
2022-12-08,620.0,7.18
2022-12-09,624.0,7.16
2022-12-12,622.7,7.14
2022-12-13,638.3,7.1
2022-12-14,629.0,7.09
2022-12-15,612.0,7.08
2022-12-16,605.6,7.06
2022-12-19,606.7,7.06
2022-12-20,603.1,7.06
2022-12-21,607.0,7.05
2022-12-22,600.3,7.05
2022-12-23,602.5,7.04
2022-12-27,609.0,7.03
2022-12-28,606.7,7.03
2022-12-29,620.0,7.02
2022-12-30,633.0,7.02
2023-01-02,608.8,7.01
2023-01-03,619.8,7.01
2023-01-04,624.0,7.0
2023-01-05,629.3,6.99
2023-01-09,645.0,6.96
2023-01-10,644.2,6.99
2023-01-11,650.0,6.95
2023-01-12,654.5,6.95
2023-01-13,654.5,6.92
2023-01-16,659.0,6.92
2023-01-17,663.5,6.93
2023-01-18,666.7,6.91
2023-01-19,655.0,6.93
2023-01-20,657.6,6.92
2023-01-23,660.5,6.91
2023-01-24,657.0,6.93
2023-01-25,658.0,6.93
2023-01-26,662.4,6.95
2023-01-27,660.4,6.94
2023-01-30,662.4,6.95
2023-01-31,661.9,6.95
2023-02-01,662.2,6.95
2023-02-02,673.9,6.93
2023-02-03,673.9,6.92
2023-02-06,674.0,6.91
2023-02-07,666.0,6.92
2023-02-08,677.5,6.94
2023-02-09,685.9,6.94
2023-02-10,678.1,6.93
2023-02-13,684.0,6.92
2023-02-14,685.7,6.93
2023-02-15,680.6,6.93
2023-02-16,690.0,6.94
2023-02-17,695.0,6.93
2023-02-20,682.5,6.96
2023-02-21,678.0,6.94
2023-02-22,676.0,6.94
2023-02-23,683.0,6.94
2023-02-24,667.0,6.94
2023-02-27,674.0,6.94
2023-02-28,676.6,6.94
2023-03-01,665.2,6.94
2023-03-02,667.5,6.94
2023-03-03,678.9,6.95
2023-03-06,683.4,6.94
2023-03-07,680.0,6.94
2023-03-08,678.5,6.93
2023-03-09,678.8,6.93
2023-03-10,678.0,6.93
2023-03-13,653.7,6.92
2023-03-14,664.1,6.93
2023-03-15,646.0,6.92
2023-03-16,653.7,6.92
2023-03-17,644.3,6.9
2023-03-20,654.0,6.9
2023-03-21,661.0,6.9
2023-03-22,663.0,6.9
2023-03-23,656.6,6.9
2023-03-24,648.0,6.9
2023-03-27,658.0,6.9
2023-03-28,656.0,6.9
2023-03-29,665.1,6.9
2023-03-30,672.2,6.9
2023-03-31,679.7,6.89
2023-04-03,676.3,6.9
2023-04-04,678.9,6.9
2023-04-05,670.0,6.9
2023-04-06,676.0,6.9
2023-04-11,677.9,6.9
2023-04-12,680.0,6.9
2023-04-13,676.6,6.9
2023-04-14,679.1,6.9
2023-04-17,676.8,6.9
2023-04-18,681.0,6.9
2023-04-19,680.0,6.9
2023-04-20,672.5,6.9
2023-04-21,677.4,6.9
2023-04-24,679.0,6.9
2023-04-25,674.0,6.9
2023-04-26,670.0,6.9
2023-04-27,672.5,6.9
2023-04-28,674.8,6.9
